,Brand,Avg Rating,Total Comment,Seller Rating,Ağırlık,Aşılabilir Engel,Boy,Çalışma Mod Sayısı,Çalışma Süresi,Derinlik,Emiş Türü,EPA/HEPA Filtre,Kullanım Alanı,Pil Tipi,Renk,Ses Seviyesi,Su Tankı Kapasitesi,Şarj Süresi,Toz Kapasitesi,Price
0,Xiaomi,4.3,7820.0,"9,9",3.0,18.0,80.0,3.0,110.0,324.0,Kuru,Var,"Düz Zemin, Halı, Sert Zemin",Li-ion,Beyaz,72.0,0.0,4.0,0.0,3389.0
1,Xiaomi,4.7,8807.0,10,3.0,15.0,80.0,3.0,120.0,324.0,"Islak, Kuru",Var,"Düz Zemin, Halı, Sert Zemin",Li-ion,Beyaz,50.0,0.0,4.0,0.0,4179.0
2,Roborock,4.8,1562.0,10,4.0,20.0,96.0,2.0,180.0,353.0,Islak,Var,Düz Zemin,Li-ion,Beyaz,67.0,0.0,2.0,0.0,9527.0
3,Roborock,4.8,8480.0,"9,9",3.0,20.0,350.0,5.0,150.0,360.0,Kuru,Var,Halı,Li-ion,Beyaz,55.0,0.0,1.0,0.0,7657.0
4,Xiaomi,4.7,4548.0,"9,5",3.0,20.0,8.0,3.0,180.0,350.0,"Islak, Kuru",Var,"Düz Zemin, Halı, Sert Zemin",Li-ion,Siyah,80.0,0.0,3.0,0.0,6057.0
5,Tefal,4.7,157.0,"9,9",4.0,10.0,80.0,4.0,120.0,80.0,Kuru,Var,Sert Zemin,Li-ion,Siyah,65.0,0.0,4.0,0.0,8499.0
6,Viomi,4.7,2357.0,"9,6",3.0,20.0,350.0,4.0,180.0,123.0,Kuru,Var,Sert Zemin,Li-ion,"Siyah, Siyah",65.0,0.0,3.0,0.0,6149.0
7,Viomi,4.3,86.0,"9,8",3.0,20.0,100.0,4.0,215.0,350.0,Kuru,Yok,Düz Zemin,NiMH,Beyaz,70.0,0.0,3.0,0.0,6999.0
8,Xiaomi,4.7,8876.0,10,6.0,10.0,350.0,3.0,120.0,95.0,Kuru,Var,Düz Zemin,Li-ion,Beyaz,40.0,0.0,4.0,0.0,4858.0
9,Roidmi,4.7,2216.0,10,3.0,20.0,120.0,5.0,150.0,355.0,Kuru,Var,"Düz Zemin, Halı, Sert Zemin",Li-ion,"Beyaz, Beyaz",50.0,0.0,3.0,3.0,8799.0
10,Roborock,4.8,2330.0,"9,8",3.0,20.0,353.0,2.0,180.0,10.0,"Islak, Kuru",Var,"Düz Zemin, Halı, Sert Zemin",Li-ion,Siyah,67.0,0.0,5.0,0.0,7899.0
11,Roborock,4.8,1448.0,10,3.0,20.0,350.0,5.0,150.0,360.0,Kuru,Var,Halı,Li-ion,Siyah,55.0,0.0,1.0,0.0,7499.0
12,Roborock,4.8,546.0,10,4.0,20.0,96.0,2.0,180.0,353.0,Islak,Var,Düz Zemin,Li-ion,Siyah,67.0,0.0,2.0,0.0,9799.0
13,Xiaomi,4.8,359.0,10,3.0,20.0,81.0,4.0,110.0,324.0,Kuru,Var,Düz Zemin,Li-ion,Beyaz,50.0,0.0,4.0,0.0,4590.0
14,Xiaomi,4.8,326.0,"9,9",3.0,20.0,98.0,4.0,215.0,150.0,Islak,Var,Düz Zemin,Li-ion,Beyaz,60.0,0.0,3.0,0.0,6666.0
15,Roborock,4.4,7.0,10,3.0,20.0,96.0,3.0,180.0,353.0,Kuru,Var,Düz Zemin,Li-ion,Beyaz,67.0,0.0,6.0,0.0,9998.0
16,Neabot,4.9,553.0,"9,8",3.0,20.0,10.0,4.0,180.0,10.0,Kuru,Var,Halı,Li-ion,Beyaz,62.0,0.0,6.0,3.0,9660.0
17,Neabot,4.8,1054.0,"9,8",1.0,20.0,10.0,3.0,150.0,10.0,Kuru,Var,Düz Zemin,Li-ion,Beyaz,72.0,0.0,4.0,0.0,11316.0
18,Roborock,5.0,1.0,10,3.0,20.0,96.0,3.0,180.0,353.0,Kuru,Var,Düz Zemin,Li-ion,Beyaz,67.0,0.0,6.0,0.0,12499.0
19,Grundig,4.3,614.0,"9,5",4.0,20.0,103.0,5.0,110.0,350.0,Kuru,Var,Düz Zemin,Li-ion,Beyaz,65.0,0.0,5.0,0.0,3445.0
20,Xiaomi,4.8,299.0,"9,5",3.0,20.0,81.0,4.0,110.0,350.0,"Islak, Kuru",Var,"Düz Zemin, Halı, Sert Zemin",Li-ion,Beyaz,72.0,0.0,1.0,0.0,5750.0
21,Xiaomi,4.7,6759.0,"9,2",6.0,20.0,350.0,3.0,120.0,95.0,Kuru,Var,Düz Zemin,Li-ion,Siyah,40.0,0.0,4.0,0.0,5095.0
22,360,4.8,334.0,"9,9",3.0,20.0,350.0,4.0,180.0,350.0,Kuru,Var,Düz Zemin,Li-ion,Siyah,55.0,0.0,5.0,0.0,8349.0
23,Xiaomi,4.7,1332.0,"9,9",5.0,20.0,350.0,10.0,150.0,10.0,Kuru,Var,Düz Zemin,Li-ion,Beyaz,62.0,0.0,3.0,0.0,5795.0
24,Altus,4.7,194.0,"9,2",,,,,,50.0,,,,,Beyaz,36.0,,,,2391.0
25,Flavel,4.3,23.0,"9,7",,,,,,50.0,,,,,Beyaz,178.5,,,,2024.0
26,Grundig,4.7,29.0,10,,,,,,74.0,,,,,Inox,60.0,,,,12499.0
27,Vestel,4.7,182.0,10,,,,,,72.0,,,,,Inox,41.0,,,,8198.0
28,Regal,4.8,65.0,9,,,,,,72.0,,,,,Beyaz,41.0,,,,7359.0
29,Altus,4.6,98.0,10,,,,,,60.0,,,,,Beyaz,38.0,,,,6347.0
30,Samsung,4.6,120.0,9,,,,,,75.0,,,,,Gümüş,45.0,,,,12879.0
31,Dijitsu,4.2,92.0,10,,,,,,48.0,,,,,Beyaz,41.0,,,,2298.0
32,Dijitsu,4.4,8.0,"9,7",,,,,,44.0,,,,,Açık Siyah,39.0,,,,2115.0
33,Vestel,4.7,43.0,"9,8",,,,,,50.0,,,,,Beyaz,41.0,,,,2989.0
34,Vestel,4.4,47.0,10,,,,,,63.0,,,,,Beyaz,41.0,,,,6398.0
35,Vestfrost,4.6,470.0,,,,,,,50.0,,,,,Beyaz,43.0,,,,2576.0
36,Bosch,4.7,41.0,"9,4",,,,,,80.0,,,,,Beyaz,42.0,,,,17480.0
37,Altus,4.8,52.0,10,,,,,,74.0,,,,,Inox,38.0,,,,10598.0
38,Altus,4.5,57.0,10,,,,,,59.0,,,,,Beyaz,38.0,,,,5243.0
39,Altus,4.7,120.0,,,,,,,65.0,,,,,Beyaz,40.0,,,,6898.0
40,Regal,4.3,47.0,,,,,,,66.0,,,,,Beyaz,75.0,,,,6548.0
41,Bosch,4.7,12.0,10,,,,,,80.0,,,,,Beyaz,,,,,11998.0
42,Bosch,4.3,8.0,10,,,,,,80.0,,,,,Inox,,,,,12998.0
43,Sunny,4.4,20.0,"9,4",,,,,,47.0,,,,,Beyaz,45.0,,,,1918.0
44,Samsung,4.6,50.0,10,,,,,,75.0,,,,,Gümüş,43.0,,,,15547.0
45,Vestel,4.7,27.0,"9,8",,,,,,70.0,,,,,Gri,41.0,,,,8847.0
46,Samsung,4.7,24.0,10,,,,,,70.0,,,,,Beyaz,43.0,,,,9998.0
47,Bosch,4.9,29.0,"9,9",,,,,,74.0,,,,,Beyaz,,,,,9535.0
48,Altus,4.6,38.0,,,,,,,65.0,,,,,Beyaz,39.0,,,,7698.0
49,Profilo,4.7,57.0,10,,,,,,81.0,,,,,Beyaz,42.0,,,,16238.0
50,Hoover,4.9,9.0,"9,4",,,,,,65.0,,,,,Inox,,,,,7819.0
51,Samsung,4.7,151.0,10,,,,,,72.0,,,,,Beyaz,41.0,,,,8647.0
52,Samsung,5.0,70.0,09,,,,,,70.0,,,,,Gümüş,41.0,,,,12998.0
53,Samsung,4.6,200.0,"9,4",,,,,,73.0,,,,,Beyaz,43.0,,,,14259.0
54,Windsor,4.8,31.0,"9,5",,,,,,72.0,,,,,Beyaz,41.0,,,,6599.0
55,Altus,4.7,7.0,09,,,,,,60.0,,,,,Beyaz,38.0,,,,7359.0
56,Regal,,,"9,8",,,,,,71.0,,,,,Gri,41.0,,,,8999.0
57,Electrolux,5.0,2.0,"9,5",,,,,,65.0,,,,,Beyaz,,,,,7635.0
58,Windsor,4.9,50.0,"9,5",,,,,,65.0,,,,,Beyaz,41.0,,,,5499.0
59,Electrolux,5.0,3.0,10,,,,,,54.0,,,,,Beyaz,35.0,,,,10579.0
60,Windsor,4.8,4.0,"9,5",,,,,,72.0,,,,,Gri,41.0,,,,7199.0
61,Grundig,4.7,82.0,"9,9",,,,,,70.0,,,,,Beyaz,52.0,,,,7999.0
62,Profilo,4.9,43.0,"9,6",,,,,,80.0,,,,,Beyaz,42.0,,,,15824.0
63,Bosch,4.9,29.0,"9,4",,,,,,81.0,,,,,Beyaz,42.0,,,,18400.0
64,Vestel,4.6,5.0,"9,8",,,,,,69.0,,,,,Beyaz,41.0,,,,12922.0
65,Uğur,4.6,8.0,10,,,,,,60.0,,,,,Beyaz,,,,,6998.0
66,Altus,4.9,9.0,"9,4",,,,,,75.0,,,,,Inox,43.0,,,,13938.0
67,Bosch,5.0,2.0,,,,,,,80.0,,,,,Beyaz,,,,,15520.0
68,Profilo,3.4,7.0,10,,,,,,63.0,,,,,Beyaz,,,,,6716.0
69,Regal,5.0,1.0,10,,,,,,65.0,,,,,Beyaz,39.0,,,,6347.0
70,Profilo,4.5,12.0,9,,,,,,63.0,,,,,Beyaz,,,,,7681.0
71,Beko,4.9,9.0,10,,,,,,70.0,,,,,Beyaz,0.0,,,,12957.0
72,Vestfrost,4.7,153.0,,,,,,,71.0,,,,,Beyaz,44.0,,,,9898.0
73,Vestfrost,4.8,118.0,,,,,,,71.0,,,,,Gri,44.0,,,,10548.0
74,Profilo,5.0,22.0,"9,6",,,,,,80.0,,,,,Beyaz,42.0,,,,11362.0
75,Vestel,,,10,,,,,,59.0,,,,,Siyah,40.0,,,,4699.0
76,Samsung,4.8,236.0,"9,5",,,,,,70.0,,,,,Beyaz,41.0,,,,12193.0
77,Regal,4.3,24.0,"9,8",,,,,,57.0,,,,,Beyaz,41.0,,,,4790.0
78,Samsung,4.2,5.0,"9,6",,,,,,90.0,,,,,Inox,,,,,39448.0
79,LG,4.7,117.0,"9,6",,,,,,73.0,,,,,Inox,43.0,,,,15640.0
80,Profilo,4.6,7.0,9,,,,,,79.0,,,,,Beyaz,,,,,11886.0
81,Arçelik,4.5,4.0,"9,6",,,,,,66.0,,,,,Beyaz,38.0,,,,10303.0
82,Beko,4.7,3.0,"9,9",,,,,,74.0,,,,,Beyaz,,,,,13201.0
83,Dijitsu,4.6,50.0,10,,,,,,69.0,,,,,Beyaz,43.0,,,,10981.0
84,Bosch,5.0,8.0,10,,,,,,84.0,,,,,Inox,42.0,,,,20119.0
85,Finlux,4.7,22.0,"9,2",,,,,,72.0,,,,,Beyaz,,,,,7911.0
86,Altus,4.6,28.0,"9,6",,,,,,65.0,,,,,Beyaz,38.0,,,,6808.0
87,Vestel,4.7,14.0,"9,8",,,,,,59.0,,,,,Beyaz,40.0,,,,3553.0
88,Finlux,4.7,15.0,"9,3",,,,,,57.0,,,,,Beyaz,41.0,,,,5399.0
89,Arçelik,5.0,4.0,"9,8",,,,,,70.0,,,,,Beyaz,38.0,,,,9640.0
90,Profilo,4.8,6.0,"9,4",,,,,,84.0,,,,,Gümüş,42.0,,,,13339.0
91,Profilo,4.9,45.0,10,,,,,,81.0,,,,,Inox,42.0,,,,17112.0
92,Profilo,4.9,18.0,"9,8",,,,,,80.0,,,,,Beyaz,42.0,,,,13366.0
93,Beko,5.0,1.0,10,,,,,,65.0,,,,,Beyaz,,,,,7084.0
94,SEG,4.5,59.0,,,,,,,57.0,,,,,Beyaz,41.0,,,,4692.0
95,Samsung,3.8,14.0,10,,,,,,70.0,,,,,Gümüş,43.0,,,,10798.0
96,Arçelik,,,"9,6",,,,,,72.0,,,,,Beyaz,,,,,10539.0
97,Electrolux,4.5,11.0,"9,8",,,,,,71.0,,,,,Beyaz,43.0,,,,12320.0
98,Siemens,4.7,15.0,"9,5",,,,,,84.0,,,,,Inox,42.0,,,,20700.0
99,Altus,4.7,35.0,"9,9",,,,,,74.0,,,,,Beyaz,,,,,9636.0
100,Profilo,5.0,3.0,9,,,,,,80.0,,,,,Gri,41.0,,,,13800.0
101,Vestel,,,"9,8",,,,,,65.0,,,,,Beyaz,41.0,,,,7248.0
102,Samsung,3.8,14.0,10,,,,,,70.0,,,,,Gümüş,43.0,,,,10798.0
103,Electrolux,4.8,18.0,"9,5",,,,,,71.0,,,,,Inox,43.0,,,,14375.0
104,Altus,4.6,8.0,10,,,,,,72.0,,,,,Beyaz,38.0,,,,7819.0
105,Teka,,,"9,5",,,,,,54.0,,,,,Beyaz,40.0,,,,13587.0
106,Vestel,4.0,1.0,"9,9",,,,,,72.0,,,,,Siyah,,,,,9989.0
107,Hoover,4.4,8.0,9,,,,,,65.0,,,,,Gümüş,,,,,7452.0
108,Finlux,5.0,4.0,10,,,,,,54.0,,,,,Beyaz,41.0,,,,2852.0
109,ISM,,,"9,5",,,,,,45.0,,,,,Siyah,,,,,3265.0
110,Finlux,,,"9,3",,,,,,72.0,,,,,Beyaz,46.0,,,,9199.0
111,Profilo,4.8,30.0,09,,,,,,79.0,,,,,Beyaz,,,,,11224.0
112,Vestfrost,5.0,1.0,"9,8",,,,,,48.0,,,,,Beyaz,42.0,,,,2575.0
113,Profilo,4.9,18.0,"9,6",,,,,,84.0,,,,,Inox,41.0,,,,16376.0
114,LG,4.8,73.0,10,,,,,,73.0,,,,,Inox,43.0,,,,18371.0
115,Samsung,4.4,17.0,10,,,,,,75.0,,,,,Gümüş,41.0,,,,12952.0
116,Altus,4.8,51.0,"9,6",,,,,,70.0,,,,,Beyaz,40.0,,,,9107.0
117,Bosch,4.3,6.0,"9,4",,,,,,80.0,,,,,Siyah,42.0,,,,23460.0
118,Beko,,,"9,8",,,,,,76.0,,,,,Beyaz,,,,,19319.0
119,Profilo,4.7,34.0,10,,,,,,80.0,,,,,Inox,42.0,,,,15869.0
120,Regal,5.0,5.0,10,,,,,,71.0,,,,,Inox,75.0,,,,12189.0
121,Vestel,4.3,3.0,"9,8",,,,,,72.0,,,,,Gri,41.0,,,,8997.0
122,LG,4.8,73.0,10,,,,,,73.0,,,,,Inox,43.0,,,,18371.0
123,Profilo,4.9,18.0,"9,6",,,,,,84.0,,,,,Inox,41.0,,,,16376.0
124,ISM,,,"9,5",,,,,,45.0,,,,,Siyah,,,,,3265.0
125,Finlux,5.0,4.0,10,,,,,,54.0,,,,,Beyaz,41.0,,,,2852.0
126,Regal,,,10,,,,,,71.0,,,,,Beyaz,75.0,,,,10073.0
127,Vestel,4.5,8.0,"9,6",,,,,,66.0,,,,,Beyaz,41.0,,,,7299.0
128,Regal,4.4,55.0,10,,,,,,65.0,,,,,Beyaz,41.0,,,,6440.0
129,Bosch,5.0,2.0,"9,6",,,,,,80.0,,,,,Beyaz,,,,,18859.0
130,Grundig,5.0,3.0,"9,8",,,,,,75.0,,,,,Inox,55.0,,,,15915.0
131,Vestel,,,9,,,,,,59.0,,,,,Bej,40.0,,,,4699.0
132,Vestel,,,"9,8",,,,,,65.0,,,,,Gri,41.0,,,,7999.0
133,Bosch,4.8,22.0,"9,4",,,,,,80.0,,,,,Inox,41.0,,,,17894.0
134,Vestel,3.9,8.0,"9,8",,,,,,65.0,,,,,Gri,41.0,,,,8314.0
135,Bosch,3.0,2.0,09,,,,,,80.0,,,,,Beyaz,,,,,14351.0
136,Uğur,,,,,,,,,66.0,,,,,Beyaz,,,,,11955.0
137,Bosch,4.8,16.0,"9,4",,,,,,41.0,,,,,Beyaz,42.0,,,,16606.0
138,Liebherr,,,10,,,,,,62.0,,,,,Inox,41.0,,,,7350.0
139,Bosch,,,"9,2",,,,,,54.0,,,,,Beyaz,,,,,34627.0
140,Samsung,4.0,13.0,9,,,,,,72.0,,,,,Beyaz,41.0,,,,11500.0
141,Uğur,4.5,101.0,10,,,,,,55.0,,,,,Beyaz,41.0,,,,5398.0
142,Bosch,5.0,2.0,"9,2",,,,,,80.0,,,,,Inox,42.0,,,,22272.0
143,Finlux,4.5,2.0,"9,7",,,,,,57.0,,,,,Beyaz,41.0,,,,5151.0
144,Siemens,5.0,5.0,"9,1",,,,,,81.0,,,,,Inox,40.0,,,,22999.0
145,LG,4.9,10.0,"9,9",,,,,,92.0,,,,,Siyah - Gri,37.0,,,,64399.0
146,Siemens,,,"9,5",,,,,,64.0,,,,,Beyaz,,,,,10120.0
147,Altus,5.0,4.0,"9,9",,,,,,75.0,,,,,Inox,39.0,,,,11959.0
148,Uğur,3.0,2.0,"9,7",,,,,,79.0,,,,,Beyaz,,,,,10119.0
149,Arçelik,5.0,1.0,"9,4",,,,,,70.0,,,,,Inox,,,,,12879.0
150,Finlux,,,"9,3",,,,,,73.0,,,,,Beyaz,42.0,,,,9088.0
151,Vestel,4.7,27.0,"9,8",,,,,,71.0,,,,,Beyaz,42.0,,,,12615.0
152,Samsung,5.0,1.0,"9,6",,,,,,71.0,,,,,Beyaz,41.0,,,,29401.0
153,Arçelik,,,10,,,,,,50.0,,,,,Beyaz,,,,,3726.0
154,Profilo,4.8,6.0,"9,6",,,,,,82.0,,,,,Beyaz,42.0,,,,13938.0
155,Siemens,5.0,8.0,"9,6",,,,,,80.0,,,,,Inox,40.0,,,,12879.0
156,Liebherr,5.0,1.0,"9,8",,,,,,50.0,,,,,Beyaz,38.0,,,,6620.0
157,Altus,3.0,2.0,"9,8",,,,,,71.0,,,,,Beyaz,25.0,,,,16831.0
158,Bosch,4.7,30.0,"9,4",,,,,,80.0,,,,,Inox,42.0,,,,17296.0
159,Bosch,,,"9,9",,,,,,77.0,,,,,Inox,,,,,15823.0
160,LG,5.0,21.0,10,,,,,,73.0,,,,,Beyaz,43.0,,,,16490.0
161,Bosch,4.9,19.0,"9,4",,,,,,80.0,,,,,Beyaz,,,,,15548.0
162,Finlux,4.5,22.0,9,,,,,,92.0,,,,,Beyaz,41.0,,,,6439.0
163,Vestel,,,"9,8",,,,,,71.0,,,,,Inox,,,,,11999.0
164,Cadde Yıldız,4.9,22.0,"9,4",,,,,,80.0,,,,,Beyaz,41.0,,,,10119.0
165,Siemens,5.0,4.0,"9,2",,,,,,81.0,,,,,Inox,42.0,,,,26274.0
166,Bosch,4.5,22.0,"9,4",,,,,,80.0,,,,,Beyaz,41.0,,,,16928.0
167,Teka,,,"9,8",,,,,,55.0,,,,,Gümüş,,,,,8372.0
168,Regal,4.8,87.0,"9,8",,,,,,72.0,,,,,Beyaz,41.0,,,,7543.0
169,Profilo,5.0,5.0,10,,,,,,74.0,,,,,Inox,41.0,,,,9659.0
170,Samsung,4.6,61.0,09,,,,,,75.0,,,,,Beyaz,43.0,,,,15294.0
171,Elektromarla,5.0,1.0,"9,7",,,,,,47.0,,,,,Siyah,0.0,,,,4231.0
172,Grundig,4.6,15.0,"9,9",,,,,,65.0,,,,,Gri,47.0,,,,8899.0
173,MN Soğutma,,,,,,,,,48.0,,,,,Mavi,25.0,,,,7359.0
174,Beko,5.0,5.0,"9,6",,,,,,54.0,,,,,Beyaz,36.0,,,,4323.0
175,Windsor,4.5,17.0,"9,5",,,,,,72.0,,,,,Beyaz,41.0,,,,6499.0
176,Profilo,3.0,2.0,9,,,,,,80.0,,,,,Inox,,,,,12879.0
177,Regal,4.5,23.0,9,,,,,,72.0,,,,,Beyaz,42.0,,,,10579.0
178,Siemens,5.0,8.0,"9,6",,,,,,80.0,,,,,Inox,40.0,,,,12879.0
179,Arçelik,,,10,,,,,,50.0,,,,,Beyaz,,,,,3726.0
180,Liebherr,5.0,1.0,"9,8",,,,,,50.0,,,,,Beyaz,38.0,,,,6620.0
181,Samsung,5.0,1.0,"9,6",,,,,,71.0,,,,,Beyaz,41.0,,,,29401.0
182,Profilo,4.8,6.0,"9,6",,,,,,82.0,,,,,Beyaz,42.0,,,,13938.0
183,Bosch,,,"9,6",,,,,,80.0,,,,,Beyaz,,,,,16559.0
184,Vestel,4.3,43.0,10,,,,,,54.0,,,,,Beyaz,41.0,,,,4600.0
185,Bosch,,,"9,2",,,,,,64.0,,,,,Beyaz,,,,,8987.0
186,Bosch,4.7,30.0,"9,4",,,,,,80.0,,,,,Inox,42.0,,,,17296.0
187,Bosch,4.9,19.0,"9,4",,,,,,80.0,,,,,Beyaz,,,,,15548.0
188,Finlux,4.5,22.0,9,,,,,,92.0,,,,,Beyaz,41.0,,,,6439.0
189,Bosch,,,"9,9",,,,,,77.0,,,,,Inox,,,,,15823.0
190,Siemens,5.0,4.0,"9,2",,,,,,81.0,,,,,Inox,42.0,,,,26274.0
191,Cadde Yıldız,4.9,22.0,"9,4",,,,,,80.0,,,,,Beyaz,41.0,,,,10119.0
192,Siemens,5.0,1.0,"9,8",,,,,,80.0,,,,,Inox,42.0,,,,17470.0
193,Arçelik,3.0,1.0,"9,6",,,,,,65.0,,,,,Beyaz,45.0,,,,9710.0
194,Samsung,4.6,61.0,09,,,,,,75.0,,,,,Beyaz,43.0,,,,15294.0
195,Elektromarla,5.0,1.0,"9,7",,,,,,47.0,,,,,Siyah,0.0,,,,4231.0
196,LG,4.7,15.0,10,,,,,,73.0,,,,,Siyah,40.0,,,,44160.0
197,Beko,5.0,5.0,"9,6",,,,,,54.0,,,,,Beyaz,36.0,,,,4323.0
198,Windsor,4.5,17.0,"9,5",,,,,,72.0,,,,,Beyaz,41.0,,,,6499.0
199,Grundig,4.6,15.0,"9,9",,,,,,65.0,,,,,Gri,47.0,,,,8899.0
200,Profilo,3.0,2.0,9,,,,,,80.0,,,,,Inox,,,,,12879.0
201,MN Soğutma,,,,,,,,,48.0,,,,,Mavi,25.0,,,,7359.0
202,Regal,4.5,23.0,9,,,,,,72.0,,,,,Beyaz,42.0,,,,10579.0
203,Bosch,,,"9,2",,,,,,64.0,,,,,Beyaz,,,,,8987.0
204,Bosch,,,"9,6",,,,,,80.0,,,,,Beyaz,,,,,16559.0
205,Vestel,4.3,43.0,10,,,,,,54.0,,,,,Beyaz,41.0,,,,4600.0
206,Profilo,4.9,12.0,09,,,,,,80.0,,,,,Inox,42.0,,,,13202.0
207,Elektromarla,4.8,6.0,"9,7",,,,,,47.0,,,,,Siyah,0.0,,,,3863.0
208,Elektromarla,5.0,3.0,"9,7",,,,,,42.0,,,,,Siyah,0.0,,,,3955.0
209,ISM,,,"9,5",,,,,,45.0,,,,,Siyah,0.0,,,,2851.0
210,ISM,,,"9,5",,,,,,43.0,,,,,Siyah Inox,,,,,2851.0
211,LG,,,10,,,,,,74.0,,,,,Inox,41.0,,,,16102.0
212,Vestel,5.0,1.0,10,,,,,,71.0,,,,,Bej,43.0,,,,14556.0
213,Siemens,,,"9,2",,,,,,70.0,,,,,Beyaz,42.0,,,,31831.0
214,Finlux,4.7,6.0,"9,3",,,,,,72.0,,,,,Beyaz,41.0,,,,7175.0
215,Beko,,,"9,8",,,,,,65.0,,,,,Inox,,,,,10199.0
216,Kleo,,,,,,,,,45.0,,,,,Siyah,,,,,5519.0
217,Vestel,5.0,1.0,"9,8",,,,,,72.0,,,,,Koyu Gri,,,,,11323.0
218,Finlux,,,"9,3",,,,,,71.0,,,,,Gri,,,,,11673.0
219,Bosch,4.3,20.0,10,,,,,,80.0,,,,,Beyaz,42.0,,,,18617.0
220,Liebherr,,,"9,8",,,,,,63.0,,,,,Inox,42.0,,,,44592.0
221,Vestel,4.6,13.0,10,,,,,,57.0,,,,,Beyaz,40.0,,,,5068.0
222,Bosch,5.0,1.0,"9,4",,,,,,80.0,,,,,Beyaz,41.0,,,,16977.0
223,Siemens,5.0,1.0,09,,,,,,80.0,,,,,Açık Siyah,42.0,,,,27507.0
224,Vestel,,,10,,,,,,68.0,,,,,Mavi,40.0,,,,12861.0
225,Profilo,5.0,11.0,10,,,,,,80.0,,,,,Inox,,,,,13266.0
226,Liebherr,,,"9,8",,,,,,66.0,,,,,Gri,,,,,104595.0
227,Siemens,5.0,1.0,"9,8",,,,,,77.0,,,,,Inox,,,,,21068.0
228,Bosch,3.7,3.0,10,,,,,,80.0,,,,,Siyah,42.0,,,,21577.0
229,LG,4.6,17.0,"9,4",,,,,,73.0,,,,,Beyaz,38.0,,,,16145.0
230,Profilo,5.0,1.0,10,,,,,,80.0,,,,,Açık Gri,41.0,,,,16007.0
231,Elektromarla,4.2,5.0,"9,7",,,,,,45.0,,,,,Siyah,0.0,,,,4507.0
232,Bosch,5.0,2.0,10,,,,,,80.0,,,,,Siyah Inox,,,,,19790.0
233,Profilo,4.4,158.0,"9,5",,,,,,75.0,,,,,Beyaz,41.0,,,,11039.0
234,Beko,,,"9,8",,,,,,74.0,,,,,Inox,,,,,16007.0
235,Grundig,,,"9,4",,,,,,45.0,,,,,Inox,29.0,,,,15548.0
236,Siemens,4.8,8.0,"9,8",,,,,,84.0,,,,,Beyaz,41.0,,,,19320.0
237,Franke,4.5,2.0,"9,6",,,,,,54.0,,,,,Beyaz,36.0,,,,16380.0
238,Siemens,5.0,2.0,"9,8",,,,,,80.0,,,,,Inox,42.0,,,,21849.0
239,Teka,,,"9,9",,,,,,68.0,,,,,Siyah,41.0,,,,16560.0
240,Liebherr,,,"9,8",,,,,,63.0,,,,,Yeşil,,,,,13701.0
241,Vestel,,,"9,8",,,,,,75.0,,,,,Siyah,41.0,,,,18499.0
242,Siemens,5.0,1.0,"9,2",,,,,,80.0,,,,,Beyaz,42.0,,,,29439.0
243,Vestel,,,"9,2",,,,,,75.0,,,,,Inox,44.0,,,,25900.0
244,Teka,,,"9,9",,,,,,68.0,,,,,Siyah,41.0,,,,16560.0
245,Siemens,,,"9,5",,,,,,74.0,,,,,Inox,,,,,11408.0
246,Vestel,4.7,75.0,"9,8",,,,,,59.0,,,,,Beyaz,41.0,,,,8499.0
247,Siemens,,,"9,2",,,,,,77.0,,,,,Beyaz,40.0,,,,14967.0
248,Vestel,5.0,1.0,"9,8",,,,,,72.0,,,,,Siyah,42.0,,,,20679.0
249,Siemens,,,"9,2",,,,,,55.0,,,,,Beyaz,,,,,31177.0
250,Sharp,,,"9,8",,,,,,74.0,,,,,Beyaz,,,,,18390.0
251,Vestel,5.0,1.0,10,,,,,,71.0,,,,,Bej,43.0,,,,14556.0
252,Bosch,,,10,,,,,,74.0,,,,,Gri,,,,,10960.0
253,Beko,,,"9,8",,,,,,65.0,,,,,Inox,,,,,10199.0
254,Profilo,4.4,158.0,"9,5",,,,,,75.0,,,,,Beyaz,41.0,,,,11039.0
255,Beko,,,"9,8",,,,,,74.0,,,,,Inox,,,,,16007.0
256,Grundig,,,"9,4",,,,,,45.0,,,,,Inox,29.0,,,,15548.0
257,Siemens,4.8,8.0,"9,8",,,,,,84.0,,,,,Beyaz,41.0,,,,19320.0
258,Vestel,4.8,12.0,"9,3",,,,,,65.0,,,,,Beyaz,41.0,,,,6650.0
259,Samsung,4.9,12.0,"9,5",,,,,,71.0,,,,,Gümüş,,,,,26955.0
260,LG,,,09,,,,,,74.0,,,,,Beyaz,41.0,,,,15132.0
261,Samsung,4.7,24.0,"9,7",,,,,,72.0,,,,,Beyaz,41.0,,,,14903.0
262,Bosch,,,10,,,,,,80.0,,,,,Inox,,,,,14550.0
263,Vestel,,,"9,6",,,,,,71.0,,,,,Siyah,,,,,12399.0
264,Beko,5.0,1.0,"9,8",,,,,,74.0,,,,,Inox,,,,,20148.0
265,Liebherr,,,10,,,,,,66.0,,,,,Gri,,,,,91540.0
266,Siemens,,,"9,2",,,,,,74.0,,,,,Inox,42.0,,,,37433.0
267,Vestel,5.0,1.0,"9,8",,,,,,71.0,,,,,Bordo,43.0,,,,14113.0
268,Bosch,,,"9,2",,,,,,80.0,,,,,Yeşil,,,,,18399.0
269,Regal,,,"9,8",,,,,,72.0,,,,,Beyaz,41.0,,,,7299.0
270,Siemens,4.9,7.0,09,,,,,,84.0,,,,,Beyaz,42.0,,,,23486.0
271,Siemens,,,"9,2",,,,,,80.0,,,,,Inox,,,,,22999.0
272,Teka,,,"9,1",,,,,,189.0,,,,,Siyah,40.0,,,,21823.0
273,Altus,,,,,,,,,75.0,,,,,Beyaz,,,,,22908.0
274,Bosch,,,"9,4",,,,,,80.0,,,,,Inox,,,,,17020.0
275,Liebherr,,,"9,8",,,,,,55.0,,,,,Beyaz,,,,,18364.0
276,Vestel,4.6,24.0,"9,3",,,,,,65.0,,,,,Beyaz,39.0,,,,6500.0
277,Windsor,3.7,3.0,"9,5",,,,,,71.0,,,,,Beyaz,43.0,,,,8249.0
278,Bosch,5.0,1.0,"9,4",,,,,,84.0,,,,,Inox,42.0,,,,20240.0
279,Vestel,,,"9,8",,,,,,68.0,,,,,Siyah,40.0,,,,12767.0
280,Uğur,5.0,4.0,"9,3",,,,,,67.0,,,,,Beyaz,,,,,10027.0
281,Siemens,,,"9,8",,,,,,80.0,,,,,Inox,,,,,21159.0
282,Regal,4.7,129.0,"9,5",,,,,,71.0,,,,,Beyaz,41.0,,,,8463.0
283,Vestel,,,"9,7",,,,,,75.0,,,,,Inox,,,,,18999.0
284,Siemens,4.9,7.0,"9,8",,,,,,84.0,,,,,Beyaz,42.0,,,,18399.0
285,Bosch,5.0,6.0,"9,4",,,,,,80.0,,,,,Beyaz,42.0,,,,19227.0
286,Finlux,,,"9,3",,,,,,75.0,,,,,Beyaz,42.0,,,,11959.0
287,Franke,,,"9,5",,,,,,56.0,,,,,Beyaz,,,,,39737.0
288,Siemens,4.9,7.0,"9,8",,,,,,84.0,,,,,Beyaz,42.0,,,,18399.0
289,Bosch,5.0,6.0,"9,4",,,,,,80.0,,,,,Beyaz,42.0,,,,19227.0
290,Finlux,,,"9,3",,,,,,75.0,,,,,Beyaz,42.0,,,,11959.0
291,Franke,,,"9,5",,,,,,56.0,,,,,Beyaz,,,,,39737.0
292,Liebherr,,,"9,8",,,,,,63.0,,,,,Beyaz,,,,,16492.0
293,Liebherr,,,"9,8",,,,,,61.0,,,,,Gri,,,,,12632.0
294,Samsung,4.7,53.0,"9,4",,,,,,78.0,,,,,Gümüş,41.0,,,,18951.0
295,Franke,,,"9,6",,,,,,56.0,,,,,Beyaz,35.0,,,,19315.0
296,Siemens,4.6,37.0,"9,6",,,,,,80.0,,,,,Beyaz,40.0,,,,11453.0
297,Vestel,5.0,1.0,"9,7",,,,,,71.0,,,,,Kırmızı,43.0,,,,13645.0
298,Bosch,5.0,2.0,"9,9",,,,,,80.0,,,,,Beyaz,41.0,,,,13298.0
299,Liebherr,,,"9,8",,,,,,63.0,,,,,Beyaz,,,,,28916.0
300,Regal,5.0,1.0,"9,8",,,,,,74.0,,,,,Beyaz,75.0,,,,12099.0
301,Arçelik,,,,,,,,,70.0,,,,,Inox,40.0,,,,19319.0
302,Regal,,,"9,8",,,,,,75.0,,,,,Inox,75.0,,,,14249.0
303,Profilo,5.0,5.0,"9,6",,,,,,84.0,,,,,Inox,41.0,,,,14628.0
304,Siemens,,,"9,5",,,,,,64.0,,,,,Beyaz,,,,,10074.0
305,Regal,5.0,4.0,"9,9",,,,,,72.0,,,,,Inox,42.0,,,,10856.0
306,Arçelik,,,"9,7",,,,,,70.0,,,,,Inox,,,,,29899.0
307,Altus,4.5,2.0,10,,,,,,75.0,,,,,Inox,39.0,,,,12879.0
308,Liebherr,,,10,,,,,,43.0,,,,,Beyaz,,,,,10566.0
309,Regal,,,"9,8",,,,,,75.0,,,,,Inox,43.0,,,,10218.0
310,Vestel,,,"9,8",,,,,,59.0,,,,,Kırmızı,40.0,,,,4400.0
311,Siemens,,,09,,,,,,77.0,,,,,Beyaz,,,,,11287.0
312,Arçelik,1.0,1.0,"9,8",,,,,,70.0,,,,,Inox,38.0,,,,11293.0
313,LG,4.5,12.0,10,,,,,,73.0,,,,,Inox,39.0,,,,38410.0
314,Regal,5.0,1.0,10,,,,,,65.0,,,,,Beyaz,41.0,,,,6298.0
315,Vestel,4.4,28.0,"9,3",,,,,,75.0,,,,,Inox,43.0,,,,13500.0
316,Teka,,,"9,9",,,,,,189.0,,,,,Siyah - Gri,44.0,,,,41354.0
317,Bosch,5.0,7.0,"9,4",,,,,,66.0,,,,,Inox,42.0,,,,11178.0
318,Samsung,4.9,8.0,"9,7",,,,,,74.0,,,,,Gümüş,,,,,24287.0
319,Siemens,,,"9,2",,,,,,55.0,,,,,Beyaz,,,,,18859.0
320,Siemens,5.0,3.0,"9,5",,,,,,80.0,,,,,Beyaz,42.0,,,,18354.0
321,Altus,4.3,3.0,"9,6",,,,,,75.0,,,,,Beyaz,39.0,,,,12511.0
322,Samsung,4.6,10.0,"9,6",,,,,,75.0,,,,,Gümüş,41.0,,,,17388.0
323,Finlux,,,"9,3",,,,,,72.0,,,,,Beyaz,42.0,,,,10119.0
324,Bosch,4.3,33.0,"9,2",,,,,,74.0,,,,,Beyaz,41.0,,,,15639.0
325,Bosch,,,"9,2",,,,,,80.0,,,,,Inox,,,,,27737.0
326,Bosch,,,"9,2",,,,,,55.0,,,,,Beyaz,,,,,19788.0
327,LG,5.0,2.0,"9,4",,,,,,31.0,,,,,Beyaz,,,,,12235.0
328,Bosch,5.0,1.0,10,,,,,,80.0,,,,,Inox,41.0,,,,17480.0
329,Siemens,5.0,1.0,"9,2",,,,,,84.0,,,,,Siyah,42.0,,,,25722.0
330,Vestel,5.0,3.0,,,,,,,75.0,,,,,Beyaz,41.0,,,,19999.0
331,Arçelik,,,"9,8",,,,,,74.0,,,,,Inox,,,,,19769.0
332,Liebherr,,,"9,8",,,,,,55.0,,,,,Beyaz,,,,,15641.0
333,Vestel,,,9,,,,,,75.0,,,,,Inox,44.0,,,,32999.0
334,Arçelik,,,,,,,,,74.0,,,,,Siyah,41.0,,,,53267.0
335,Vestel,4.6,21.0,"9,8",,,,,,84.0,,,,,Beyaz,41.0,,,,14178.0
336,Siemens,,,"9,5",,,,,,64.0,,,,,Beyaz,,,,,10074.0
337,Vestel,4.4,28.0,"9,3",,,,,,75.0,,,,,Inox,43.0,,,,13500.0
338,Liebherr,,,"9,8",,,,,,65.0,,,,,Antrasit,,,,,24781.0
339,Bosch,4.9,12.0,"9,4",,,,,,80.0,,,,,Inox,42.0,,,,19089.0
340,Arçelik,,,10,,,,,,70.0,,,,,Siyah,39.0,,,,45999.0
341,Profilo,,,10,,,,,,80.0,,,,,Beyaz,41.0,,,,12796.0
342,Franke,,,"9,6",,,,,,54.0,,,,,Beyaz,,,,,19315.0
343,Vestel,5.0,24.0,,,,,,,70.0,,,,,Beyaz,41.0,,,,13000.0
344,Beko,,,,,,,,,70.0,,,,,Beyaz,,,,,12420.0
345,Teka,4.0,1.0,"9,1",,,,,,74.0,,,,,Gri,43.0,,,,24380.0
346,Siemens,4.0,1.0,"9,5",,,,,,80.0,,,,,Inox,41.0,,,,22540.0
347,Siemens,5.0,1.0,"9,2",,,,,,84.0,,,,,Beyaz,41.0,,,,22419.0
348,Regal,3.8,6.0,"9,9",,,,,,73.0,,,,,Beyaz,41.0,,,,11316.0
349,Liebherr,,,"9,8",,,,,,62.0,,,,,Beyaz,41.0,,,,6808.0
350,Siemens,4.2,5.0,"9,2",,,,,,80.0,,,,,Inox,,,,,24241.0
351,Vestel,,,9,,,,,,75.0,,,,,Siyah,43.0,,,,21499.0
352,Life Tech,,,"9,8",,,,,,46.0,,,,,Beyaz,,,,,2750.0
353,Samsung,5.0,1.0,10,,,,,,71.0,,,,,Siyah,,,,,39559.0
354,Liebherr,,,"9,8",,,,,,60.0,,,,,Inox,39.0,,,,10212.0
355,Vestel,4.7,67.0,"9,8",,,,,,59.0,,,,,Gri,41.0,,,,10040.0
356,Grundig,4.7,31.0,"9,8",,,,,,80.0,,,,,Beyaz,41.0,,,,14719.0
357,Arçelik,,,"9,6",,,,,,65.0,,,,,Inox,,,,,10541.0
358,Siemens,,,,,,,,,80.0,,,,,Siyah,42.0,,,,21619.0
359,Profilo,5.0,2.0,10,,,,,,80.0,,,,,Inox,41.0,,,,18087.0
360,Vestel,4.5,2.0,10,,,,,,72.0,,,,,Gri,41.0,,,,11599.0
361,Vestel,4.3,8.0,"9,8",,,,,,71.0,,,,,Beyaz,,,,,11115.0
362,Profilo,5.0,3.0,"9,6",,,,,,80.0,,,,,Gri,41.0,,,,12305.0
363,Samsung,3.8,4.0,"9,6",,,,,,76.0,,,,,Koyu Gri,40.0,,,,23827.0
364,Samsung,4.8,33.0,"9,7",,,,,,74.0,,,,,Beyaz,41.0,,,,14582.0
365,Regal,,,"9,5",,,,,,71.0,,,,,Gri,42.0,,,,11269.0
366,Bosch,5.0,1.0,10,,,,,,80.0,,,,,Inox,42.0,,,,21149.0
367,Liebherr,,,"9,8",,,,,,55.0,,,,,Beyaz,,,,,44234.0
368,Regal,5.0,1.0,"9,9",,,,,,75.0,,,,,Inox,75.0,,,,15502.0
369,Samsung,3.0,3.0,"9,8",,,,,,90.0,,,,,Siyah,,,,,44435.0
370,Vestel,4.9,10.0,"9,3",,,,,,71.0,,,,,Beyaz,49.0,,,,15000.0
371,Bosch,,,"9,4",,,,,,77.0,,,,,Beyaz,,,,,17756.0
372,Franke,,,"9,6",,,,,,76.0,,,,,Inox,45.0,,,,30130.0
373,Bosch,,,"9,2",,,,,,80.0,,,,,Inox,,,,,24655.0
374,Siemens,,,"9,2",,,,,,84.0,,,,,Inox,42.0,,,,30911.0
375,Liebherr,,,"9,8",,,,,,69.0,,,,,Gri,,,,,131360.0
376,Siemens,4.7,3.0,"9,2",,,,,,81.0,,,,,Inox,42.0,,,,25759.0
377,Beko,,,9,,,,,,74.0,,,,,Inox,38.0,,,,22080.0
378,Teka,,,09,,,,,,71.0,,,,,Açık Gri,45.0,,,,15639.0
379,LG,,,09,,,,,,70.0,,,,,Gri,0.0,,,,15132.0
380,Finlux,,,"9,3",,,,,,71.0,,,,,Beyaz,,,,,11499.0
381,Altus,3.0,2.0,"9,9",,,,,,74.0,,,,,Beyaz,41.0,,,,16099.0
382,Liebherr,,,"9,8",,,,,,60.0,,,,,Bej,,,,,17853.0
383,Vestel,,,"9,7",,,,,,72.0,,,,,Beyaz,42.0,,,,14900.0
384,Bosch,5.0,1.0,10,,,,,,80.0,,,,,Inox,42.0,,,,21149.0
385,Liebherr,,,"9,8",,,,,,55.0,,,,,Beyaz,,,,,44234.0
386,Vestel,4.3,8.0,"9,8",,,,,,71.0,,,,,Beyaz,,,,,11115.0
387,Siemens,5.0,1.0,09,,,,,,80.0,,,,,Inox,42.0,,,,21830.0
388,Beko,5.0,2.0,"9,8",,,,,,70.0,,,,,Inox,,,,,13615.0
389,Vestel,,,"9,8",,,,,,68.0,,,,,Bej,40.0,,,,12658.0
390,Siemens,,,09,,,,,,80.0,,,,,Inox,,,,,24839.0
391,Samsung,4.8,33.0,"9,7",,,,,,74.0,,,,,Beyaz,41.0,,,,14582.0
392,Samsung,3.8,4.0,"9,6",,,,,,76.0,,,,,Koyu Gri,40.0,,,,23827.0
393,Samsung,3.0,3.0,"9,8",,,,,,90.0,,,,,Siyah,,,,,44435.0
394,Vestfrost,4.5,2.0,"9,1",,,,,,182.0,,,,,Beyaz,,,,,5979.0
395,Siemens,3.0,1.0,"9,8",,,,,,84.0,,,,,Beyaz,,,,,20999.0
396,Regal,,,"9,8",,,,,,72.0,,,,,Beyaz,41.0,,,,7899.0
397,Siemens,,,"9,8",,,,,,80.0,,,,,Inox,,,,,23183.0
398,Beko,5.0,1.0,"9,8",,,,,,74.0,,,,,Inox,,,,,20148.0
399,Liebherr,,,"9,8",,,,,,55.0,,,,,Beyaz,,,,,18364.0
400,Regal,,,"9,8",,,,,,72.0,,,,,Beyaz,41.0,,,,7299.0
401,Siemens,,,"9,2",,,,,,74.0,,,,,Inox,42.0,,,,37433.0
402,Vestel,,,"9,6",,,,,,71.0,,,,,Siyah,,,,,12399.0
403,Liebherr,,,10,,,,,,66.0,,,,,Gri,,,,,91540.0
404,Siemens,4.9,7.0,09,,,,,,84.0,,,,,Beyaz,42.0,,,,23486.0
405,Altus,,,,,,,,,75.0,,,,,Beyaz,,,,,22908.0
406,Siemens,,,"9,2",,,,,,80.0,,,,,Inox,,,,,22999.0
407,Vestel,5.0,1.0,"9,8",,,,,,71.0,,,,,Bordo,43.0,,,,14113.0
408,Profilo,,,09,,,,,,80.0,,,,,Beyaz,42.0,,,,18399.0
409,Teka,,,"9,5",,,,,,77.0,,,,,Inox,43.0,,,,56900.0
410,Regal,5.0,1.0,"9,6",,,,,,72.0,,,,,Inox,75.0,,,,9494.0
411,Bosch,4.0,1.0,"9,4",,,,,,80.0,,,,,Inox,,,,,18400.0
412,Samsung,4.8,18.0,10,,,,,,71.0,,,,,Beyaz,42.0,,,,15547.0
413,Vestel,4.7,7.0,"9,6",,,,,,73.0,,,,,Beyaz,41.0,,,,8649.0
414,Vestel,5.0,1.0,"9,8",,,,,,68.0,,,,,Bordo,41.0,,,,12744.0
415,Altus,4.9,24.0,"9,6",,,,,,70.0,,,,,Inox,40.0,,,,9476.0
416,Regal,,,"9,8",,,,,,75.0,,,,,Inox,41.0,,,,16835.0
417,Vestel,,,"9,8",,,,,,68.0,,,,,Bej,40.0,,,,12658.0
418,Liebherr,,,"9,8",,,,,,55.0,,,,,Beyaz,,,,,18364.0
419,Vestel,4.5,2.0,10,,,,,,72.0,,,,,Gri,41.0,,,,11599.0
420,Bosch,5.0,1.0,10,,,,,,80.0,,,,,Inox,42.0,,,,21149.0
421,Bosch,5.0,1.0,10,,,,,,81.0,,,,,Inox,42.0,,,,23323.0
422,Teka,,,"9,1",,,,,,71.0,,,,,Beyaz,42.0,,,,21398.0
423,Liebherr,,,"9,8",,,,,,55.0,,,,,Beyaz,,,,,44234.0
424,Silverline,,,"9,9",,,,,,65.0,,,,,Beyaz,53.0,,,,18399.0
425,Siemens,,,09,,,,,,80.0,,,,,Inox,,,,,24839.0
426,Teka,,,"9,6",,,,,,54.0,,,,,Beyaz,,,,,14011.0
427,Altus,4.6,8.0,"9,2",,,,,,75.0,,,,,Beyaz,39.0,,,,11590.0
428,Arçelik,,,,,,,,,75.0,,,,,Beyaz,,,,,18399.0
429,Profilo,5.0,3.0,"9,6",,,,,,80.0,,,,,Gri,41.0,,,,12305.0
430,Samsung,3.8,4.0,"9,6",,,,,,76.0,,,,,Koyu Gri,40.0,,,,23827.0
431,Siemens,5.0,1.0,09,,,,,,80.0,,,,,Inox,42.0,,,,21830.0
432,LG,4.5,8.0,"9,7",,,,,,74.0,,,,,Beyaz,41.0,,,,16191.0
433,Vestel,4.5,13.0,10,,,,,,75.0,,,,,Inox,41.0,,,,16250.0
434,Vestel,,,"9,8",,,,,,72.0,,,,,Siyah,43.0,,,,16400.0
435,LG,4.3,31.0,"9,7",,,,,,69.0,,,,,Inox,41.0,,,,16927.0
436,Profilo,4.9,14.0,"9,4",,,,,,84.0,,,,,Inox,41.0,,,,14719.0
437,Profilo,4.6,10.0,"9,6",,,,,,84.0,,,,,Beyaz,,,,,15594.0
438,Vestel,5.0,24.0,,,,,,,70.0,,,,,Beyaz,41.0,,,,13000.0
439,Vestel,4.7,67.0,"9,8",,,,,,59.0,,,,,Gri,41.0,,,,10040.0
440,Siemens,5.0,1.0,"9,2",,,,,,84.0,,,,,Beyaz,41.0,,,,22419.0
441,Grundig,4.7,31.0,"9,8",,,,,,80.0,,,,,Beyaz,41.0,,,,14719.0
442,Profilo,,,10,,,,,,80.0,,,,,Beyaz,41.0,,,,12796.0
443,Franke,,,"9,6",,,,,,54.0,,,,,Beyaz,,,,,19315.0
444,Vestel,,,9,,,,,,75.0,,,,,Siyah,43.0,,,,21499.0
445,Profilo,5.0,2.0,10,,,,,,80.0,,,,,Inox,41.0,,,,18087.0
446,Siemens,,,,,,,,,80.0,,,,,Siyah,42.0,,,,21619.0
447,Siemens,4.2,5.0,"9,2",,,,,,80.0,,,,,Inox,,,,,24241.0
448,Life Tech,,,"9,8",,,,,,46.0,,,,,Beyaz,,,,,2750.0
449,Liebherr,,,"9,8",,,,,,62.0,,,,,Beyaz,41.0,,,,6808.0
450,Arçelik,,,10,,,,,,70.0,,,,,Siyah,39.0,,,,45999.0
451,Arçelik,,,"9,6",,,,,,65.0,,,,,Inox,,,,,10541.0
452,Samsung,5.0,1.0,10,,,,,,71.0,,,,,Siyah,,,,,39559.0
453,Beko,,,,,,,,,70.0,,,,,Beyaz,,,,,12420.0
454,Liebherr,,,"9,8",,,,,,60.0,,,,,Inox,39.0,,,,10212.0
455,Liebherr,,,"9,8",,,,,,65.0,,,,,Antrasit,,,,,24781.0
456,Regal,3.8,6.0,"9,9",,,,,,73.0,,,,,Beyaz,41.0,,,,11316.0
457,Siemens,4.0,1.0,"9,5",,,,,,80.0,,,,,Inox,41.0,,,,22540.0
458,Teka,4.0,1.0,"9,1",,,,,,74.0,,,,,Gri,43.0,,,,24380.0
459,Bosch,4.9,12.0,"9,4",,,,,,80.0,,,,,Inox,42.0,,,,19089.0
460,Bosch,5.0,2.0,"9,4",,,,,,186.0,,,,,Beyaz,29.0,,,,15456.0
461,Vestel,4.0,1.0,"9,6",,,,,,72.0,,,,,Beyaz,42.0,,,,16399.0
462,LG,5.0,1.0,"9,9",,,,,,92.0,,,,,Inox,43.0,,,,58879.0
463,Liebherr,,,"9,8",,,,,,61.0,,,,,Beyaz,,,,,95805.0
464,Franke,,,"9,6",,,,,,75.0,,,,,Gri,,,,,23644.0
465,Liebherr,,,"9,8",,,,,,62.0,,,,,Beyaz,,,,,10212.0
466,Siemens,5.0,1.0,"9,8",,,,,,77.0,,,,,Beyaz,,,,,17930.0
467,Regal,4.5,48.0,10,,,,,,71.0,,,,,Inox,41.0,,,,8234.0
468,Regal,4.0,2.0,"9,5",,,,,,65.0,,,,,Inox,41.0,,,,7911.0
469,Profilo,5.0,1.0,10,,,,,,79.0,,,,,Siyah,,,,,20197.0
470,Bosch,2.0,2.0,,,,,,,80.0,,,,,Inox,42.0,,,,19929.0
471,Altus,4.3,4.0,10,,,,,,74.0,,,,,Inox,41.0,,,,16191.0
472,Liebherr,,,"9,8",,,,,,62.0,,,,,Inox,,,,,28934.0
473,Sharp,4.7,19.0,"9,5",,,,,,77.0,,,,,Inox,36.0,,,,35926.0
474,Liebherr,,,"9,8",,,,,,69.0,,,,,Gri,,,,,65680.0
475,Elektromarla,,,"9,7",,,,,,47.0,,,,,Siyah,0.0,,,,4231.0
476,Vestel,,,"9,2",,,,,,63.0,,,,,Kırmızı,40.0,,,,13919.0
477,smeg,,,"9,9",,,,,,65.0,,,,,Kırmızı,37.0,,,,23919.0
478,Teka,,,"9,1",,,,,,76.0,,,,,Siyah,,,,,17016.0
479,Bosch,,,"9,2",,,,,,80.0,,,,,Kırmızı,,,,,18399.0
480,Profilo,4.5,25.0,,,,,,,84.0,,,,,Beyaz,41.0,,,,16330.0
481,Grundig,4.7,3.0,"9,5",,,,,,70.0,,,,,Beyaz,57.0,,,,10108.0
482,Bosch,4.6,14.0,10,,,,,,80.0,,,,,Beyaz,42.0,,,,15640.0
483,Vestel,5.0,13.0,"9,8",,,,,,71.0,,,,,Inox,42.0,,,,13646.0
484,Vestel,,,"9,8",,,,,,68.0,,,,,Kırmızı,41.0,,,,12165.0
485,Liebherr,,,"9,8",,,,,,69.0,,,,,Gri,,,,,65680.0
486,Vestel,,,"9,2",,,,,,63.0,,,,,Kırmızı,40.0,,,,13919.0
487,Bosch,,,"9,2",,,,,,80.0,,,,,Kırmızı,,,,,18399.0
488,Liebherr,,,"9,8",,,,,,55.0,,,,,Beyaz,,,,,15641.0
489,Franke,,,"9,5",,,,,,56.0,,,,,Beyaz,41.0,,,,33176.0
490,Vestel,4.6,11.0,"9,8",,,,,,75.0,,,,,Inox,,,,,15469.0
491,Profilo,4.0,2.0,,,,,,,88.0,,,,,Gri,42.0,,,,14030.0
492,Liebherr,,,"9,8",,,,,,55.0,,,,,Beyaz,,,,,15641.0
493,Regal,,,"9,8",,,,,,72.0,,,,,Inox,41.0,,,,8999.0
494,Liebherr,,,"9,8",,,,,,66.0,,,,,Beyaz,,,,,29767.0
495,Vestel,4.9,15.0,"9,8",,,,,,73.0,,,,,Inox,41.0,,,,14599.0
496,Elektromarla,,,"9,7",,,,,,43.0,,,,,Siyah,0.0,,,,4001.0
497,smeg,,,"9,9",,,,,,65.0,,,,,Kırmızı,37.0,,,,23919.0
498,Regal,5.0,4.0,"9,9",,,,,,72.0,,,,,Beyaz,41.0,,,,8555.0
499,Altus,4.9,24.0,"9,6",,,,,,70.0,,,,,Inox,40.0,,,,9476.0
500,Vestel,5.0,1.0,"9,8",,,,,,68.0,,,,,Bordo,41.0,,,,12744.0
501,Regal,,,"9,8",,,,,,75.0,,,,,Inox,41.0,,,,16835.0
502,Profilo,5.0,8.0,10,,,,,,86.0,,,,,Beyaz,,,,,14470.0
503,Bosch,5.0,4.0,10,,,,,,64.0,,,,,Beyaz,,,,,9103.0
504,Vestel,,,"9,7",,,,,,75.0,,,,,Inox,44.0,,,,27399.0
505,Siemens,,,"9,8",,,,,,80.0,,,,,Beyaz,,,,,16882.0
506,Vestel,4.8,13.0,"9,7",,,,,,73.0,,,,,Beyaz,41.0,,,,14300.0
507,Profilo,4.7,3.0,09,,,,,,79.0,,,,,Inox,,,,,16468.0
508,Vestel,,,"9,8",,,,,,54.0,,,,,Beyaz,41.0,,,,14343.0
509,Siemens,,,"9,8",,,,,,80.0,,,,,Beyaz,,,,,18399.0
510,Grundig,,,"9,8",,,,,,75.0,,,,,Inox,,,,,23266.0
511,ISM,5.0,1.0,"9,5",,,,,,45.0,,,,,Açık Siyah,,,,,3219.0
512,Vestel,,,"9,8",,,,,,72.0,,,,,Bej,43.0,,,,16400.0
513,Altus,,,10,,,,,,65.0,,,,,Gümüş,38.0,,,,8371.0
514,Regal,,,"9,5",,,,,,71.0,,,,,Beyaz,45.0,,,,10349.0
515,LG,4.7,54.0,"9,8",,,,,,74.0,,,,,Inox,41.0,,,,20055.0
516,Bosch,5.0,1.0,"9,9",,,,,,80.0,,,,,Inox,41.0,,,,14859.0
517,Altus,5.0,1.0,10,,,,,,72.0,,,,,Gümüş,38.0,,,,8004.0
518,Life Tech,,,,,,,,,40.0,,,,,Beyaz,,,,,3679.0
519,Liebherr,,,"9,8",,,,,,55.0,,,,,Gri,,,,,74190.0
520,Liebherr,,,"9,8",,,,,,47.0,,,,,Gri,,,,,38788.0
521,Avintage,,,,,,,,,55.0,,,,,Siyah,,,,,43175.0
522,Empero,,,"9,2",,,,,,86.0,,,,,Siyah - Gri,,,,,17905.0
523,Uğur,,,,,,,,,63.0,,,,,Beyaz,,,,,10345.0
524,Liebherr,,,"9,8",,,,,,60.0,,,,,Gri,,,,,32491.0
525,La Sommeliere,,,"9,6",,,,,,64.0,,,,,Siyah,36.0,,,,61640.0
526,Elektromarla,3.5,2.0,"9,7",,,,,,43.0,,,,,Mat Siyah,0.0,,,,4139.0
527,MN Soğutma,,,,,,,,,43.0,,,,,Beyaz,29.0,,,,3679.0
528,Babacan Sağlık,,,"9,9",,,,,,64.0,,,,,Açık Mavi,,,,,11950.0
529,Liebherr,,,"9,8",,,,,,65.0,,,,,Gri,,,,,26193.0
530,La Sommeliere,,,"9,6",,,,,,60.0,,,,,Siyah,30.0,,,,26670.0
531,Beko,,,9,,,,,,76.0,,,,,Inox,,,,,20830.0
532,Avintage,,,,,,,,,48.0,,,,,Siyah,,,,,32016.0
533,ISM,,,"9,5",,,,,,43.0,,,,,Mat Siyah,,,,,3265.0
534,MN Soğutma,,,,,,,,,50.0,,,,,Beyaz,38.0,,,,4783.0
535,Uğur,4.3,13.0,10,,,,,,63.0,,,,,Beyaz,,,,,8607.0
536,Liebherr,,,"9,8",,,,,,65.0,,,,,Gri,,,,,25002.0
537,Empero,,,"9,2",,,,,,86.0,,,,,Siyah - Gri,,,,,19510.0
538,La Sommeliere,,,10,,,,,,60.0,,,,,Siyah,35.0,,,,24058.0
539,Liebherr,,,"9,8",,,,,,55.0,,,,,Beyaz,,,,,37767.0
540,Avintage,,,,,,,,,86.0,,,,,Siyah,,,,,16468.0
541,SEG,4.4,7.0,"9,8",,,,,,50.0,,,,,Beyaz,41.0,,,,3679.0
542,Liebherr,,,"9,8",,,,,,58.0,,,,,Gri,,,,,45936.0
543,Uğur,,,"9,8",,,,,,70.0,,,,,Beyaz,,,,,16559.0
544,MN Soğutma,,,,,,,,,45.0,,,,,Beyaz,0.0,,,,2759.0
545,La Sommeliere,,,10,,,,,,65.0,,,,,Siyah,38.0,,,,19688.0
546,Liebherr,,,"9,8",,,,,,66.0,,,,,Gri,,,,,30898.0
547,Liebherr,,,"9,8",,,,,,55.0,,,,,Gri,,,,,34363.0
548,Elektromarla,5.0,2.0,"9,7",,,,,,41.0,,,,,Siyah,0.0,,,,4001.0
549,Beko,,,"9,8",,,,,,75.0,,,,,Beyaz,,,,,12419.0
550,Avintage,,,,,,,,,56.0,,,,,Siyah,36.0,,,,56028.0
551,Avintage,,,,,,,,,54.0,,,,,Gri,41.0,,,,81788.0
552,Arbalest,4.2,56.0,,,,,,,,,,,,,,,,,39.0
553,Beko,4.0,118.0,"9,8",,,,,,,,,,,,,,,,46.0
554,Bosch,4.2,45.0,"9,8",,,,,,,,,,,,,,,,242.0
555,Bafra,4.1,23.0,"9,2",,,,,,,,,,,,,,,,24.0
556,Arçelik,4.1,154.0,"9,8",,,,,,,,,,,,,,,,28.0
557,Vestel,4.5,94.0,"9,8",,,,,,,,,,,,,,,,134.0
558,BCF,4.5,45.0,"9,8",,,,,,,,,,,,,,,,150.0
559,Dogant,3.5,61.0,"9,5",,,,,,,,,,,,,,,,155.0
560,Bosch,4.9,34.0,"9,7",,,,,,,,,,,,,,,,229.0
561,ZeytStore,4.8,18.0,"9,2",,,,,,,,,,,,,,,,41.0
562,Hanedanev,4.4,37.0,"9,4",,,,,,,,,,,,,,,,59.0
563,BCF,4.6,58.0,"9,8",,,,,,,,,,,,,,,,150.0
564,ZeytStore,5.0,5.0,"9,9",,,,,,,,,,,,,,,,68.0
565,Electrolux,4.8,9.0,09,,,,,,,,,,,,,,,,58.0
566,BCF,4.7,26.0,"9,8",,,,,,,,,,,,,,,,242.0
567,BCF,4.4,11.0,"9,8",,,,,,,,,,,,,,,,242.0
568,Pratik Zeki,4.4,9.0,"9,4",,,,,,,,,,,,,,,,24.0
569,Pratik Zeki,4.5,8.0,"9,9",,,,,,,,,,,,,,,,24.0
570,Cmc,4.0,20.0,"9,7",,,,,,,,,,,,,,,,149.0
571,Anadolu Saray Çarşısı,5.0,5.0,"9,8",,,,,,,,,,,,,,,,23.0
572,VRL,4.2,23.0,,,,,,,,,,,,,,,,,36.0
573,CNS Plastik,5.0,2.0,"9,8",,,,,,,,,,,,,,,,14.0
574,VRL,4.0,2.0,"9,8",,,,,,,,,,,,,,,,134.0
575,Allgo,5.0,1.0,"9,8",,,,,,,,,,,,,,,,23.0
576,BCF,4.1,16.0,"9,8",,,,,,,,,,,,,,,,150.0
577,Universal,,,"9,2",,,,,,,,,,,,,,,,499.0
578,Universal,,,"9,2",,,,,,,,,,,,,,,,849.0
579,Bosch,4.5,4.0,"9,7",,,,,,,,,,,,,,,,360.0
580,Techsun,5.0,2.0,"9,9",,,,,,,,,,,,,,,,39.0
581,Asımoğlu,,,"9,7",,,,,,,,,,,,,,,,197.0
582,Hanedanev,,,"9,4",,,,,,,,,,,,,,,,29.0
583,Parmis,5.0,1.0,"9,7",,,,,,,,,,,,,,,,83.0
584,BCF,3.8,6.0,"9,8",,,,,,,,,,,,,,,,242.0
585,BCF,,,"9,8",,,,,,,,,,,,,,,,138.0
586,Dr.Beckmann,4.6,28.0,10,,,,,,,,,,,,,,,,45.0
587,VRL,4.8,5.0,10,,,,,,,,,,,,,,,,125.0
588,Parmis,,,"9,7",,,,,,,,,,,,,,,,83.0
589,BCF,,,"9,8",,,,,,,,,,,,,,,,138.0
590,BCF,,,"9,8",,,,,,,,,,,,,,,,138.0
591,Universal,1.0,1.0,"9,2",,,,,,,,,,,,,,,,85.0
592,Parmis,,,"9,7",,,,,,,,,,,,,,,,83.0
593,Dogant,4.5,2.0,"9,5",,,,,,,,,,,,,,,,29.0
594,Uğur,4.7,16.0,"9,1",,,,,,,,,,,,,,,,79.0
595,Vestel,4.5,2.0,,,,,,,,,,,,,,,,,74.0
596,BCF,,,"9,8",,,,,,,,,,,,,,,,166.0
597,Unico,,,"9,8",,,,,,,,,,,,,,,,150.0
598,Universal,4.5,4.0,10,,,,,,,,,,,,,,,,12.0
599,Parmis,4.0,1.0,"9,7",,,,,,,,,,,,,,,,83.0
600,Universal,,,"9,8",,,,,,,,,,,,,,,,119.0
601,Universal,1.0,1.0,"9,8",,,,,,,,,,,,,,,,147.0
602,Techsun,5.0,2.0,10,,,,,,,,,,,,,,,,1850.0
603,Universal,1.0,1.0,"9,2",,,,,,,,,,,,,,,,85.0
604,Parmis,,,"9,7",,,,,,,,,,,,,,,,83.0
605,Uğur,4.7,16.0,"9,1",,,,,,,,,,,,,,,,79.0
606,BCF,,,"9,8",,,,,,,,,,,,,,,,138.0
607,BCF,,,"9,8",,,,,,,,,,,,,,,,138.0
608,Dogant,4.5,2.0,"9,5",,,,,,,,,,,,,,,,29.0
609,Parmis,4.0,1.0,"9,7",,,,,,,,,,,,,,,,83.0
610,VRL,4.5,8.0,"9,6",,,,,,,,,,,,,,,,120.0
611,Parmis,,,"9,7",,,,,,,,,,,,,,,,64.0
612,Unico,4.8,5.0,"9,8",,,,,,,,,,,,,,,,49.0
613,Dogant,3.3,6.0,"9,5",,,,,,,,,,,,,,,,155.0
614,ZeytStore,4.7,3.0,"9,9",,,,,,,,,,,,,,,,91.0
615,Arçelik,4.8,5.0,"9,6",,,,,,,,,,,,,,,,119.0
616,Mithra Life,,,10,,,,,,,,,,,,,,,,26.0
617,Techsun,5.0,2.0,"9,9",,,,,,,,,,,,,,,,40.0
618,Techsun,,,"9,9",,,,,,,,,,,,,,,,84.0
619,Techsun,,,"9,9",,,,,,,,,,,,,,,,75.0
620,Universal,5.0,1.0,"9,8",,,,,,,,,,,,,,,,99.0
621,Vestel,,,"9,9",,,,,,,,,,,,,,,,89.0
622,Parmis,,,"9,7",,,,,,,,,,,,,,,,64.0
623,Universal,4.3,3.0,"9,8",,,,,,,,,,,,,,,,99.0
624,GEREKSEAL,,,,,,,,,,,,,,,,,,,259.0
625,Universal,,,10,,,,,,,,,,,,,,,,27.0
626,Parmis,,,"9,7",,,,,,,,,,,,,,,,178.0
627,Parmis,,,"9,7",,,,,,,,,,,,,,,,171.0
628,Parmis,5.0,1.0,"9,7",,,,,,,,,,,,,,,,207.0
629,Parmis,,,"9,7",,,,,,,,,,,,,,,,84.0
630,Parmis,,,"9,7",,,,,,,,,,,,,,,,171.0
631,Parmis,,,"9,7",,,,,,,,,,,,,,,,84.0
632,Parmis,5.0,1.0,"9,7",,,,,,,,,,,,,,,,171.0
633,Parmis,,,"9,7",,,,,,,,,,,,,,,,171.0
634,Parmis,,,"9,7",,,,,,,,,,,,,,,,83.0
635,Universal,1.0,1.0,"9,2",,,,,,,,,,,,,,,,85.0
636,Parmis,,,"9,7",,,,,,,,,,,,,,,,84.0
637,Dogant,,,"9,5",,,,,,,,,,,,,,,,149.0
638,Arçelik,,,"9,6",,,,,,,,,,,,,,,,55.0
639,Parmis,,,"9,7",,,,,,,,,,,,,,,,178.0
640,Universal,,,"9,2",,,,,,,,,,,,,,,,49.0
641,Universal,,,"9,2",,,,,,,,,,,,,,,,280.0
642,Parmis,,,"9,7",,,,,,,,,,,,,,,,83.0
643,Unico,,,"9,8",,,,,,,,,,,,,,,,49.0
644,Parmis,,,"9,7",,,,,,,,,,,,,,,,83.0
645,Parmis,,,"9,7",,,,,,,,,,,,,,,,84.0
646,Universal,1.0,1.0,"9,2",,,,,,,,,,,,,,,,85.0
647,Parmis,,,"9,7",,,,,,,,,,,,,,,,84.0
648,Parmis,,,"9,7",,,,,,,,,,,,,,,,92.0
649,Parmis,,,"9,7",,,,,,,,,,,,,,,,184.0
650,Parmis,,,"9,7",,,,,,,,,,,,,,,,178.0
651,Parmis,,,"9,7",,,,,,,,,,,,,,,,171.0
652,Parmis,,,"9,7",,,,,,,,,,,,,,,,184.0
653,Parmis,,,"9,7",,,,,,,,,,,,,,,,189.0
654,Universal,,,"9,2",,,,,,,,,,,,,,,,75.0
655,Parmis,,,"9,7",,,,,,,,,,,,,,,,84.0
656,Parmis,,,"9,7",,,,,,,,,,,,,,,,178.0
657,Universal,,,"9,2",,,,,,,,,,,,,,,,196.0
658,Parmis,,,"9,7",,,,,,,,,,,,,,,,83.0
659,Parmis,,,"9,7",,,,,,,,,,,,,,,,171.0
660,Parmis,,,"9,7",,,,,,,,,,,,,,,,178.0
661,Parmis,,,"9,7",,,,,,,,,,,,,,,,189.0
662,Universal,5.0,3.0,"9,8",,,,,,,,,,,,,,,,149.0
663,Parmis,,,"9,7",,,,,,,,,,,,,,,,184.0
664,Dogant,4.7,3.0,"9,5",,,,,,,,,,,,,,,,29.0
665,Parmis,4.0,2.0,"9,7",,,,,,,,,,,,,,,,83.0
666,Parmis,,,"9,7",,,,,,,,,,,,,,,,83.0
667,Parmis,4.5,2.0,"9,7",,,,,,,,,,,,,,,,83.0
668,VRL,4.5,11.0,"9,8",,,,,,,,,,,,,,,,33.0
669,Parmis,,,"9,7",,,,,,,,,,,,,,,,184.0
670,Parmis,,,"9,7",,,,,,,,,,,,,,,,84.0
671,Universal,,,"9,2",,,,,,,,,,,,,,,,115.0
672,Parmis,,,"9,7",,,,,,,,,,,,,,,,83.0
673,Parmis,,,"9,7",,,,,,,,,,,,,,,,80.0
674,Parmis,,,"9,7",,,,,,,,,,,,,,,,84.0
675,Parmis,,,"9,7",,,,,,,,,,,,,,,,189.0
676,Parmis,,,"9,7",,,,,,,,,,,,,,,,83.0
677,Parmis,,,"9,7",,,,,,,,,,,,,,,,83.0
678,Universal,,,"9,2",,,,,,,,,,,,,,,,115.0
679,Parmis,,,"9,7",,,,,,,,,,,,,,,,171.0
680,Parmis,,,"9,7",,,,,,,,,,,,,,,,171.0
681,Universal,,,"9,2",,,,,,,,,,,,,,,,139.0
682,Universal,,,"9,2",,,,,,,,,,,,,,,,49.0
683,Parmis,,,"9,7",,,,,,,,,,,,,,,,84.0
684,Parmis,,,"9,7",,,,,,,,,,,,,,,,171.0
685,Parmis,,,"9,7",,,,,,,,,,,,,,,,84.0
686,Universal,,,"9,8",,,,,,,,,,,,,,,,29.0
687,Parmis,,,"9,7",,,,,,,,,,,,,,,,178.0
688,Parmis,4.0,1.0,"9,7",,,,,,,,,,,,,,,,83.0
689,Parmis,,,"9,7",,,,,,,,,,,,,,,,83.0
690,Universal,,,"9,2",,,,,,,,,,,,,,,,115.0
691,Universal,,,"9,2",,,,,,,,,,,,,,,,220.0
692,Dogant,4.0,1.0,"9,5",,,,,,,,,,,,,,,,29.0
693,Universal,,,"9,2",,,,,,,,,,,,,,,,249.0
694,Parmis,,,"9,7",,,,,,,,,,,,,,,,83.0
695,Parmis,,,"9,7",,,,,,,,,,,,,,,,171.0
696,Universal,,,"9,2",,,,,,,,,,,,,,,,139.0
697,Parmis,,,"9,7",,,,,,,,,,,,,,,,189.0
698,Universal,,,"9,2",,,,,,,,,,,,,,,,195.0
699,Parmis,,,"9,7",,,,,,,,,,,,,,,,171.0
700,Parmis,,,"9,7",,,,,,,,,,,,,,,,84.0
701,Parmis,,,"9,7",,,,,,,,,,,,,,,,84.0
702,Parmis,,,"9,7",,,,,,,,,,,,,,,,178.0
703,Parmis,5.0,1.0,"9,7",,,,,,,,,,,,,,,,171.0
704,Parmis,,,"9,7",,,,,,,,,,,,,,,,171.0
705,Parmis,,,"9,7",,,,,,,,,,,,,,,,178.0
706,Kemos,,,9,,,,,,,,,,,,,,,,2400.0
707,Parmis,,,"9,7",,,,,,,,,,,,,,,,184.0
708,Parmis,,,"9,7",,,,,,,,,,,,,,,,184.0
709,Unico,5.0,2.0,"9,8",,,,,,,,,,,,,,,,49.0
710,Universal,,,"9,2",,,,,,,,,,,,,,,,115.0
711,Emka,3.0,2.0,"9,6",,,,,,,,,,,,,,,,240.0
712,Universal,,,"9,6",,,,,,,,,,,,,,,,130.0
713,Parmis,,,"9,7",,,,,,,,,,,,,,,,171.0
714,Bosch,,,"9,8",,,,,,,,,,,,,,,,43.0
715,Unico,4.8,15.0,"9,8",,,,,,,,,,,,,,,,99.0
716,Parmis,5.0,2.0,"9,7",,,,,,,,,,,,,,,,83.0
717,Kemos,4.0,2.0,9,,,,,,,,,,,,,,,,2400.0
718,Parmis,4.0,3.0,"9,7",,,,,,,,,,,,,,,,83.0
719,Emka,3.7,3.0,"9,6",,,,,,,,,,,,,,,,260.0
720,Parmis,4.0,1.0,"9,7",,,,,,,,,,,,,,,,83.0
721,Parmis,5.0,1.0,"9,7",,,,,,,,,,,,,,,,171.0
722,Parmis,,,"9,7",,,,,,,,,,,,,,,,84.0
723,Parmis,,,"9,7",,,,,,,,,,,,,,,,83.0
724,DOYSART,,,,,,,,,,,,,,,,,,,219.0
725,Samsung,,,"9,7",,,,,,,,,,,,,,,,259.0
726,Parmis,,,"9,7",,,,,,,,,,,,,,,,184.0
727,Parmis,,,"9,7",,,,,,,,,,,,,,,,178.0
728,Parmis,,,"9,7",,,,,,,,,,,,,,,,171.0
729,Parmis,,,"9,7",,,,,,,,,,,,,,,,171.0
730,Parmis,,,"9,7",,,,,,,,,,,,,,,,171.0
731,Parmis,,,"9,7",,,,,,,,,,,,,,,,171.0
732,Parmis,,,"9,7",,,,,,,,,,,,,,,,83.0
733,Parmis,,,"9,7",,,,,,,,,,,,,,,,178.0
734,Parmis,,,"9,7",,,,,,,,,,,,,,,,109.0
735,Universal,,,09,,,,,,,,,,,,,,,,43.0
736,Parmis,,,"9,7",,,,,,,,,,,,,,,,171.0
737,Parmis,,,"9,7",,,,,,,,,,,,,,,,171.0
738,Parmis,,,"9,7",,,,,,,,,,,,,,,,83.0
739,Parmis,5.0,1.0,"9,7",,,,,,,,,,,,,,,,83.0
740,Parmis,,,"9,7",,,,,,,,,,,,,,,,178.0
741,Parmis,,,"9,7",,,,,,,,,,,,,,,,171.0
742,Universal,,,"9,2",,,,,,,,,,,,,,,,230.0
743,Parmis,,,"9,7",,,,,,,,,,,,,,,,83.0
744,Parmis,,,"9,7",,,,,,,,,,,,,,,,84.0
745,Parmis,,,"9,7",,,,,,,,,,,,,,,,83.0
746,Parmis,,,"9,7",,,,,,,,,,,,,,,,83.0
747,Parmis,,,"9,7",,,,,,,,,,,,,,,,171.0
748,Parmis,,,"9,7",,,,,,,,,,,,,,,,84.0
749,Universal,,,"9,2",,,,,,,,,,,,,,,,115.0
750,Universal,,,"9,2",,,,,,,,,,,,,,,,185.0
751,Universal,,,"9,2",,,,,,,,,,,,,,,,220.0
752,Parmis,,,"9,7",,,,,,,,,,,,,,,,171.0
753,Parmis,,,"9,7",,,,,,,,,,,,,,,,81.0
754,Parmis,,,"9,7",,,,,,,,,,,,,,,,178.0
755,Parmis,,,"9,7",,,,,,,,,,,,,,,,84.0
756,Parmis,,,"9,7",,,,,,,,,,,,,,,,83.0
757,Parmis,,,"9,7",,,,,,,,,,,,,,,,83.0
758,Parmis,2.0,1.0,"9,7",,,,,,,,,,,,,,,,83.0
759,Parmis,,,"9,7",,,,,,,,,,,,,,,,92.0
760,Universal,,,"9,2",,,,,,,,,,,,,,,,135.0
761,Parmis,,,"9,7",,,,,,,,,,,,,,,,80.0
762,Universal,,,"9,2",,,,,,,,,,,,,,,,75.0
763,Parmis,,,"9,7",,,,,,,,,,,,,,,,178.0
764,Unico,3.8,4.0,"9,8",,,,,,,,,,,,,,,,80.0
765,Parmis,5.0,3.0,"9,7",,,,,,,,,,,,,,,,83.0
766,Parmis,5.0,1.0,"9,7",,,,,,,,,,,,,,,,83.0
767,Parmis,,,"9,7",,,,,,,,,,,,,,,,83.0
768,Parmis,,,"9,7",,,,,,,,,,,,,,,,84.0
769,Parmis,,,"9,7",,,,,,,,,,,,,,,,171.0
770,Parmis,,,"9,7",,,,,,,,,,,,,,,,171.0
771,Arçelik,,,,,,,,,,,,,,,,,,,200.0
772,Ariston,,,,,,,,,,,,,,,,,,,200.0
773,Parmis,,,"9,7",,,,,,,,,,,,,,,,178.0
774,Parmis,4.0,1.0,"9,7",,,,,,,,,,,,,,,,80.0
775,Parmis,5.0,2.0,"9,7",,,,,,,,,,,,,,,,227.0
776,Parmis,,,"9,7",,,,,,,,,,,,,,,,171.0
777,Parmis,,,"9,7",,,,,,,,,,,,,,,,178.0
778,Parmis,,,"9,7",,,,,,,,,,,,,,,,83.0
779,Parmis,,,"9,7",,,,,,,,,,,,,,,,84.0
780,Parmis,,,"9,7",,,,,,,,,,,,,,,,178.0
781,Parmis,,,"9,7",,,,,,,,,,,,,,,,178.0
782,Parmis,,,"9,7",,,,,,,,,,,,,,,,80.0
783,Parmis,,,"9,7",,,,,,,,,,,,,,,,227.0
784,Parmis,,,"9,7",,,,,,,,,,,,,,,,171.0
785,Regal,,,"9,9",,,,,,,,,,,,,,,,49.0
786,Parmis,,,"9,7",,,,,,,,,,,,,,,,83.0
787,Parmis,,,"9,7",,,,,,,,,,,,,,,,178.0
788,Parmis,,,"9,7",,,,,,,,,,,,,,,,83.0
789,Indesit,,,"9,9",,,,,,,,,,,,,,,,241.0
790,Universal,,,"9,2",,,,,,,,,,,,,,,,139.0
791,Parmis,,,"9,7",,,,,,,,,,,,,,,,84.0
792,Parmis,,,"9,7",,,,,,,,,,,,,,,,83.0
793,Parmis,,,"9,7",,,,,,,,,,,,,,,,84.0
794,Parmis,,,"9,7",,,,,,,,,,,,,,,,83.0
795,Parmis,,,"9,7",,,,,,,,,,,,,,,,227.0
796,Parmis,4.0,1.0,"9,7",,,,,,,,,,,,,,,,80.0
797,Parmis,5.0,2.0,"9,7",,,,,,,,,,,,,,,,227.0
798,Parmis,,,"9,7",,,,,,,,,,,,,,,,178.0
799,Parmis,,,"9,7",,,,,,,,,,,,,,,,178.0
800,Parmis,,,"9,7",,,,,,,,,,,,,,,,171.0
801,Parmis,,,"9,7",,,,,,,,,,,,,,,,473.0
802,Parmis,,,"9,7",,,,,,,,,,,,,,,,184.0
803,Parmis,,,"9,7",,,,,,,,,,,,,,,,84.0
804,Parmis,,,"9,7",,,,,,,,,,,,,,,,171.0
805,Parmis,,,"9,7",,,,,,,,,,,,,,,,178.0
806,Parmis,,,"9,7",,,,,,,,,,,,,,,,171.0
807,Parmis,,,"9,7",,,,,,,,,,,,,,,,178.0
808,Parmis,,,"9,7",,,,,,,,,,,,,,,,109.0
809,Universal,,,"9,2",,,,,,,,,,,,,,,,49.0
810,Parmis,,,"9,7",,,,,,,,,,,,,,,,83.0
811,Parmis,5.0,1.0,"9,7",,,,,,,,,,,,,,,,207.0
812,Parmis,,,"9,7",,,,,,,,,,,,,,,,178.0
813,Parmis,,,"9,7",,,,,,,,,,,,,,,,171.0
814,Arçelik,,,,,,,,,,,,,,,,,,,200.0
815,Ariston,,,,,,,,,,,,,,,,,,,200.0
816,Parmis,,,"9,7",,,,,,,,,,,,,,,,83.0
817,Kemos,,,9,,,,,,,,,,,,,,,,2400.0
818,Parmis,,,"9,7",,,,,,,,,,,,,,,,67.0
819,Parmis,,,"9,7",,,,,,,,,,,,,,,,84.0
820,Universal,,,"9,2",,,,,,,,,,,,,,,,95.0
821,Universal,,,"9,2",,,,,,,,,,,,,,,,49.0
822,Parmis,,,"9,7",,,,,,,,,,,,,,,,83.0
823,Parmis,5.0,1.0,"9,7",,,,,,,,,,,,,,,,83.0
824,Universal,,,"9,2",,,,,,,,,,,,,,,,85.0
825,Parmis,,,"9,7",,,,,,,,,,,,,,,,171.0
826,Universal,,,"9,2",,,,,,,,,,,,,,,,115.0
827,Universal,,,"9,2",,,,,,,,,,,,,,,,145.0
828,Kemos,,,9,,,,,,,,,,,,,,,,2400.0
829,Emka,5.0,2.0,"9,6",,,,,,,,,,,,,,,,200.0
830,Universal,,,"9,2",,,,,,,,,,,,,,,,49.0
831,Parmis,,,"9,7",,,,,,,,,,,,,,,,178.0
832,Universal,,,"9,2",,,,,,,,,,,,,,,,130.0
833,Parmis,,,"9,7",,,,,,,,,,,,,,,,83.0
834,Parmis,,,"9,7",,,,,,,,,,,,,,,,178.0
835,Universal,,,"9,2",,,,,,,,,,,,,,,,115.0
836,DOYSART,,,,,,,,,,,,,,,,,,,269.0
837,Parmis,,,"9,7",,,,,,,,,,,,,,,,83.0
838,Parmis,,,"9,7",,,,,,,,,,,,,,,,171.0
839,Parmis,,,"9,7",,,,,,,,,,,,,,,,171.0
840,Parmis,,,"9,7",,,,,,,,,,,,,,,,171.0
841,Parmis,,,"9,7",,,,,,,,,,,,,,,,83.0
842,Parmis,,,"9,7",,,,,,,,,,,,,,,,84.0
843,Parmis,,,"9,7",,,,,,,,,,,,,,,,84.0
844,Universal,,,"9,2",,,,,,,,,,,,,,,,249.0
845,Parmis,,,"9,7",,,,,,,,,,,,,,,,184.0
846,Parmis,,,"9,7",,,,,,,,,,,,,,,,83.0
847,Universal,,,"9,2",,,,,,,,,,,,,,,,115.0
848,Parmis,,,"9,7",,,,,,,,,,,,,,,,178.0
849,Parmis,4.0,1.0,"9,7",,,,,,,,,,,,,,,,83.0
850,Parmis,,,"9,7",,,,,,,,,,,,,,,,83.0
851,Parmis,,,"9,7",,,,,,,,,,,,,,,,83.0
852,Parmis,,,"9,7",,,,,,,,,,,,,,,,171.0
853,Parmis,,,"9,7",,,,,,,,,,,,,,,,84.0
854,Parmis,,,"9,7",,,,,,,,,,,,,,,,84.0
855,Parmis,,,"9,7",,,,,,,,,,,,,,,,83.0
856,Parmis,,,"9,7",,,,,,,,,,,,,,,,84.0
857,Parmis,,,"9,7",,,,,,,,,,,,,,,,84.0
858,Universal,,,"9,2",,,,,,,,,,,,,,,,49.0
859,Parmis,,,"9,7",,,,,,,,,,,,,,,,83.0
860,Universal,,,,,,,,,,,,,,,,,,,38.0
861,Akbıyık,3.7,3.0,"9,8",,,,,,,,,,,,,,,,24.0
862,Parmis,,,"9,7",,,,,,,,,,,,,,,,83.0
863,Parmis,,,"9,7",,,,,,,,,,,,,,,,83.0
864,Parmis,,,"9,7",,,,,,,,,,,,,,,,84.0
865,Universal,5.0,1.0,"9,2",,,,,,,,,,,,,,,,85.0
866,Parmis,,,"9,7",,,,,,,,,,,,,,,,171.0
867,Parmis,,,"9,7",,,,,,,,,,,,,,,,84.0
868,Parmis,,,"9,7",,,,,,,,,,,,,,,,171.0
869,Parmis,,,"9,7",,,,,,,,,,,,,,,,178.0
870,Universal,,,"9,2",,,,,,,,,,,,,,,,115.0
871,Parmis,,,"9,7",,,,,,,,,,,,,,,,83.0
872,Universal,,,"9,2",,,,,,,,,,,,,,,,185.0
873,Dogant,1.0,1.0,"9,5",,,,,,,,,,,,,,,,29.0
874,Puri Frigor,,,10,,,,,,,,,,,,,,,,110.0
875,Parmis,,,"9,7",,,,,,,,,,,,,,,,83.0
876,Universal,,,"9,2",,,,,,,,,,,,,,,,260.0
877,Parmis,,,"9,7",,,,,,,,,,,,,,,,84.0
878,Parmis,,,"9,7",,,,,,,,,,,,,,,,178.0
879,Universal,5.0,1.0,"9,2",,,,,,,,,,,,,,,,249.0
880,Parmis,,,"9,7",,,,,,,,,,,,,,,,178.0
881,Parmis,,,"9,7",,,,,,,,,,,,,,,,83.0
882,Universal,,,"9,8",,,,,,,,,,,,,,,,159.0
883,Parmis,,,"9,7",,,,,,,,,,,,,,,,80.0
884,Parmis,,,"9,7",,,,,,,,,,,,,,,,178.0
885,Universal,,,"9,2",,,,,,,,,,,,,,,,49.0
886,Universal,,,"9,2",,,,,,,,,,,,,,,,249.0
887,Parmis,,,"9,7",,,,,,,,,,,,,,,,184.0
888,Universal,,,"9,2",,,,,,,,,,,,,,,,115.0
889,Universal,,,"9,2",,,,,,,,,,,,,,,,249.0
890,Universal,,,"9,2",,,,,,,,,,,,,,,,85.0
891,Parmis,,,"9,7",,,,,,,,,,,,,,,,171.0
892,Universal,,,"9,2",,,,,,,,,,,,,,,,49.0
893,Parmis,,,"9,7",,,,,,,,,,,,,,,,171.0
894,Parmis,,,"9,7",,,,,,,,,,,,,,,,178.0
895,Parmis,,,"9,7",,,,,,,,,,,,,,,,83.0
896,Parmis,,,"9,7",,,,,,,,,,,,,,,,84.0
897,Parmis,,,"9,7",,,,,,,,,,,,,,,,171.0
898,Parmis,5.0,1.0,"9,7",,,,,,,,,,,,,,,,81.0
899,Parmis,,,"9,7",,,,,,,,,,,,,,,,84.0
900,Parmis,,,"9,7",,,,,,,,,,,,,,,,171.0
901,Parmis,,,"9,7",,,,,,,,,,,,,,,,171.0
902,Universal,5.0,2.0,"9,6",,,,,,,,,,,,,,,,25.0
903,Parmis,,,"9,7",,,,,,,,,,,,,,,,83.0
904,SRR,3.7,6.0,"9,6",,,,,,,,,,,,,,,,50.0
905,Parmis,,,"9,7",,,,,,,,,,,,,,,,84.0
906,Universal,5.0,1.0,"9,2",,,,,,,,,,,,,,,,85.0
907,Universal,,,"9,8",,,,,,,,,,,,,,,,29.0
908,Emka,1.0,1.0,"9,6",,,,,,,,,,,,,,,,200.0
909,Kemos,,,9,,,,,,,,,,,,,,,,2400.0
910,Parmis,,,"9,7",,,,,,,,,,,,,,,,178.0
911,Parmis,,,"9,7",,,,,,,,,,,,,,,,171.0
912,Universal,,,"9,2",,,,,,,,,,,,,,,,139.0
913,Parmis,,,"9,7",,,,,,,,,,,,,,,,84.0
914,Universal,,,"9,8",,,,,,,,,,,,,,,,175.0
915,Parmis,,,"9,7",,,,,,,,,,,,,,,,83.0
916,Parmis,,,"9,7",,,,,,,,,,,,,,,,171.0
917,Parmis,,,"9,7",,,,,,,,,,,,,,,,189.0
918,Parmis,,,"9,7",,,,,,,,,,,,,,,,171.0
919,Indesit,,,"9,9",,,,,,,,,,,,,,,,74.0
920,Parmis,,,"9,7",,,,,,,,,,,,,,,,171.0
921,Parmis,,,"9,7",,,,,,,,,,,,,,,,171.0
922,Parmis,,,"9,7",,,,,,,,,,,,,,,,84.0
923,Parmis,,,"9,7",,,,,,,,,,,,,,,,83.0
924,Parmis,,,"9,7",,,,,,,,,,,,,,,,178.0
925,Universal,,,"9,6",,,,,,,,,,,,,,,,145.0
926,Parmis,,,"9,7",,,,,,,,,,,,,,,,83.0
927,Universal,,,"9,8",,,,,,,,,,,,,,,,135.0
928,Parmis,,,"9,7",,,,,,,,,,,,,,,,83.0
929,Parmis,,,"9,7",,,,,,,,,,,,,,,,84.0
930,Parmis,4.0,2.0,"9,7",,,,,,,,,,,,,,,,83.0
931,Parmis,,,"9,7",,,,,,,,,,,,,,,,178.0
932,Parmis,,,"9,7",,,,,,,,,,,,,,,,171.0
933,Parmis,,,"9,7",,,,,,,,,,,,,,,,83.0
934,Parmis,,,"9,7",,,,,,,,,,,,,,,,83.0
935,Parmis,,,"9,7",,,,,,,,,,,,,,,,178.0
936,Parmis,,,"9,7",,,,,,,,,,,,,,,,227.0
937,Universal,,,"9,2",,,,,,,,,,,,,,,,115.0
938,Parmis,,,"9,7",,,,,,,,,,,,,,,,83.0
939,Universal,1.0,1.0,"9,2",,,,,,,,,,,,,,,,49.0
940,Vestel,,,"9,9",,,,,,,,,,,,,,,,99.0
941,Parmis,,,"9,7",,,,,,,,,,,,,,,,83.0
942,Parmis,5.0,1.0,"9,7",,,,,,,,,,,,,,,,184.0
943,Universal,,,"9,2",,,,,,,,,,,,,,,,280.0
944,Universal,,,"9,2",,,,,,,,,,,,,,,,249.0
945,VRL,5.0,7.0,"9,8",,,,,,,,,,,,,,,,38.0
946,Kemos,3.0,1.0,9,,,,,,,,,,,,,,,,2400.0
947,Kemos,,,9,,,,,,,,,,,,,,,,2400.0
948,Universal,5.0,2.0,"9,6",,,,,,,,,,,,,,,,25.0
949,Parmis,,,"9,7",,,,,,,,,,,,,,,,171.0
950,Parmis,,,"9,7",,,,,,,,,,,,,,,,178.0
951,Universal,,,"9,2",,,,,,,,,,,,,,,,115.0
952,Parmis,,,"9,7",,,,,,,,,,,,,,,,83.0
953,Parmis,,,"9,7",,,,,,,,,,,,,,,,83.0
954,Parmis,5.0,1.0,"9,7",,,,,,,,,,,,,,,,81.0
955,Parmis,,,"9,7",,,,,,,,,,,,,,,,83.0
956,Samsung,,,,,,,,,,,,,,,,,,,270.0
957,Parmis,,,"9,7",,,,,,,,,,,,,,,,178.0
958,Parmis,,,"9,7",,,,,,,,,,,,,,,,189.0
959,Parmis,,,"9,7",,,,,,,,,,,,,,,,84.0
960,Universal,,,"9,2",,,,,,,,,,,,,,,,115.0
961,Parmis,,,"9,7",,,,,,,,,,,,,,,,83.0
962,Universal,,,"9,2",,,,,,,,,,,,,,,,260.0
963,Parmis,,,"9,7",,,,,,,,,,,,,,,,178.0
964,Universal,,,"9,2",,,,,,,,,,,,,,,,49.0
965,Parmis,,,"9,7",,,,,,,,,,,,,,,,83.0
966,Parmis,,,"9,7",,,,,,,,,,,,,,,,171.0
967,Parmis,,,"9,7",,,,,,,,,,,,,,,,178.0
968,Parmis,,,"9,7",,,,,,,,,,,,,,,,178.0
969,Universal,,,"9,2",,,,,,,,,,,,,,,,190.0
970,Parmis,,,"9,7",,,,,,,,,,,,,,,,171.0
971,Parmis,,,"9,7",,,,,,,,,,,,,,,,178.0
972,Parmis,,,"9,7",,,,,,,,,,,,,,,,171.0
973,Parmis,,,"9,7",,,,,,,,,,,,,,,,184.0
974,Universal,,,"9,2",,,,,,,,,,,,,,,,249.0
975,Dogant,1.0,1.0,"9,5",,,,,,,,,,,,,,,,29.0
976,Parmis,,,"9,7",,,,,,,,,,,,,,,,178.0
977,Parmis,,,"9,7",,,,,,,,,,,,,,,,171.0
978,Parmis,,,"9,7",,,,,,,,,,,,,,,,83.0
979,Parmis,4.5,2.0,"9,7",,,,,,,,,,,,,,,,83.0
980,Universal,,,"9,2",,,,,,,,,,,,,,,,185.0
981,Puri Frigor,,,10,,,,,,,,,,,,,,,,110.0
982,Parmis,,,"9,7",,,,,,,,,,,,,,,,84.0
983,Parmis,,,"9,7",,,,,,,,,,,,,,,,84.0
984,Kemos,,,9,,,,,,,,,,,,,,,,2400.0
985,Parmis,,,"9,7",,,,,,,,,,,,,,,,171.0
986,Parmis,,,"9,7",,,,,,,,,,,,,,,,178.0
987,Parmis,,,"9,7",,,,,,,,,,,,,,,,84.0
988,Parmis,,,"9,7",,,,,,,,,,,,,,,,178.0
989,GALAXY Energy,,,10,,,,,,,,,,,,,,,,300.0
990,Parmis,,,"9,7",,,,,,,,,,,,,,,,83.0
991,Parmis,,,"9,7",,,,,,,,,,,,,,,,83.0
992,Parmis,,,"9,7",,,,,,,,,,,,,,,,178.0
993,Universal,,,"9,2",,,,,,,,,,,,,,,,115.0
994,Parmis,,,"9,7",,,,,,,,,,,,,,,,83.0
995,Parmis,,,"9,7",,,,,,,,,,,,,,,,178.0
996,Parmis,,,"9,7",,,,,,,,,,,,,,,,83.0
997,Universal,,,10,,,,,,,,,,,,,,,,115.0
998,Parmis,,,"9,7",,,,,,,,,,,,,,,,178.0
999,VRL,5.0,1.0,"9,8",,,,,,,,,,,,,,,,46.0
1000,Parmis,,,"9,7",,,,,,,,,,,,,,,,83.0
1001,Parmis,,,"9,7",,,,,,,,,,,,,,,,80.0
1002,Parmis,,,"9,7",,,,,,,,,,,,,,,,178.0
1003,Techsun,,,"9,9",,,,,,,,,,,,,,,,135.0
1004,Parmis,,,"9,7",,,,,,,,,,,,,,,,178.0
1005,Parmis,,,"9,7",,,,,,,,,,,,,,,,84.0
1006,Parmis,,,"9,7",,,,,,,,,,,,,,,,171.0
1007,Parmis,,,"9,7",,,,,,,,,,,,,,,,184.0
1008,Universal,,,"9,2",,,,,,,,,,,,,,,,260.0
1009,Parmis,,,"9,7",,,,,,,,,,,,,,,,178.0
1010,Universal,,,"9,2",,,,,,,,,,,,,,,,49.0
1011,Parmis,,,"9,7",,,,,,,,,,,,,,,,83.0
1012,Parmis,,,"9,7",,,,,,,,,,,,,,,,171.0
1013,Parmis,,,"9,7",,,,,,,,,,,,,,,,178.0
1014,Parmis,,,"9,7",,,,,,,,,,,,,,,,178.0
1015,Universal,,,"9,2",,,,,,,,,,,,,,,,190.0
1016,Parmis,,,"9,7",,,,,,,,,,,,,,,,171.0
1017,Parmis,,,"9,7",,,,,,,,,,,,,,,,178.0
1018,Parmis,,,"9,7",,,,,,,,,,,,,,,,171.0
1019,Parmis,,,"9,7",,,,,,,,,,,,,,,,184.0
1020,Universal,,,"9,2",,,,,,,,,,,,,,,,249.0
1021,Dogant,1.0,1.0,"9,5",,,,,,,,,,,,,,,,29.0
1022,Parmis,,,"9,7",,,,,,,,,,,,,,,,178.0
1023,Parmis,,,"9,7",,,,,,,,,,,,,,,,171.0
1024,Parmis,,,"9,7",,,,,,,,,,,,,,,,83.0
1025,Parmis,4.5,2.0,"9,7",,,,,,,,,,,,,,,,83.0
1026,Universal,,,"9,2",,,,,,,,,,,,,,,,185.0
1027,Puri Frigor,,,10,,,,,,,,,,,,,,,,110.0
1028,Parmis,,,"9,7",,,,,,,,,,,,,,,,84.0
1029,Parmis,,,"9,7",,,,,,,,,,,,,,,,84.0
1030,Parmis,,,"9,7",,,,,,,,,,,,,,,,83.0
1031,Parmis,,,"9,7",,,,,,,,,,,,,,,,178.0
1032,Parmis,,,"9,7",,,,,,,,,,,,,,,,171.0
1033,Parmis,,,"9,7",,,,,,,,,,,,,,,,178.0
1034,Parmis,,,"9,7",,,,,,,,,,,,,,,,84.0
1035,Parmis,,,"9,7",,,,,,,,,,,,,,,,178.0
1036,GALAXY Energy,,,10,,,,,,,,,,,,,,,,300.0
1037,Parmis,,,"9,7",,,,,,,,,,,,,,,,83.0
1038,Parmis,,,"9,7",,,,,,,,,,,,,,,,83.0
1039,Parmis,,,"9,7",,,,,,,,,,,,,,,,178.0
1040,Universal,,,"9,2",,,,,,,,,,,,,,,,115.0
1041,Parmis,,,"9,7",,,,,,,,,,,,,,,,83.0
1042,Parmis,,,"9,7",,,,,,,,,,,,,,,,178.0
1043,Parmis,,,"9,7",,,,,,,,,,,,,,,,83.0
1044,Universal,,,10,,,,,,,,,,,,,,,,115.0
1045,Parmis,,,"9,7",,,,,,,,,,,,,,,,178.0
1046,VRL,5.0,1.0,"9,8",,,,,,,,,,,,,,,,46.0
1047,Parmis,,,"9,7",,,,,,,,,,,,,,,,83.0
1048,Parmis,,,"9,7",,,,,,,,,,,,,,,,80.0
1049,Parmis,,,"9,7",,,,,,,,,,,,,,,,178.0
1050,Techsun,,,"9,9",,,,,,,,,,,,,,,,135.0
1051,Parmis,,,"9,7",,,,,,,,,,,,,,,,178.0
1052,Parmis,,,"9,7",,,,,,,,,,,,,,,,84.0
1053,Parmis,,,"9,7",,,,,,,,,,,,,,,,171.0
1054,Parmis,,,"9,7",,,,,,,,,,,,,,,,184.0
1055,Parmis,5.0,1.0,"9,7",,,,,,,,,,,,,,,,80.0
1056,Universal,,,"9,8",,,,,,,,,,,,,,,,175.0
1057,Parmis,,,"9,7",,,,,,,,,,,,,,,,84.0
1058,Parmis,,,"9,7",,,,,,,,,,,,,,,,83.0
1059,Universal,,,"9,2",,,,,,,,,,,,,,,,95.0
1060,Parmis,,,"9,7",,,,,,,,,,,,,,,,83.0
1061,Parmis,,,"9,7",,,,,,,,,,,,,,,,83.0
1062,Parmis,,,"9,7",,,,,,,,,,,,,,,,178.0
1063,Parmis,,,"9,7",,,,,,,,,,,,,,,,178.0
1064,Parmis,,,"9,7",,,,,,,,,,,,,,,,84.0
1065,Parmis,,,"9,7",,,,,,,,,,,,,,,,84.0
1066,Universal,,,"9,2",,,,,,,,,,,,,,,,139.0
1067,Indesit,,,"9,9",,,,,,,,,,,,,,,,74.0
1068,Parmis,,,"9,7",,,,,,,,,,,,,,,,171.0
1069,Kemos,,,9,,,,,,,,,,,,,,,,2400.0
1070,Parmis,,,"9,7",,,,,,,,,,,,,,,,84.0
1071,Universal,5.0,1.0,"9,2",,,,,,,,,,,,,,,,85.0
1072,Emka,1.0,1.0,"9,6",,,,,,,,,,,,,,,,200.0
1073,Universal,,,"9,8",,,,,,,,,,,,,,,,29.0
1074,Kemos,,,"9,8",,,,,,,,,,,,,,,,2400.0
1075,Parmis,4.5,2.0,"9,7",,,,,,,,,,,,,,,,64.0
1076,Universal,,,"9,2",,,,,,,,,,,,,,,,849.0
1077,Universal,,,"9,2",,,,,,,,,,,,,,,,199.0
1078,Universal,,,"9,2",,,,,,,,,,,,,,,,125.0
1079,Parmis,,,"9,7",,,,,,,,,,,,,,,,64.0
1080,Parmis,,,"9,7",,,,,,,,,,,,,,,,113.0
1081,Techsun,,,"9,9",,,,,,,,,,,,,,,,86.0
1082,Universal,,,"9,2",,,,,,,,,,,,,,,,115.0
1083,Hanedanev,,,"9,4",,,,,,,,,,,,,,,,74.0
1084,Parmis,,,"9,7",,,,,,,,,,,,,,,,64.0
1085,Universal,,,"9,2",,,,,,,,,,,,,,,,1350.0
1086,Universal,,,"9,2",,,,,,,,,,,,,,,,795.0
1087,Parmis,,,"9,7",,,,,,,,,,,,,,,,113.0
1088,Evco,,,,,,,,,,,,,,,,,,,487.0
1089,Universal,,,"9,2",,,,,,,,,,,,,,,,260.0
1090,Universal,,,"9,2",,,,,,,,,,,,,,,,499.0
1091,Parmis,,,"9,7",,,,,,,,,,,,,,,,64.0
1092,Universal,,,"9,2",,,,,,,,,,,,,,,,125.0
1093,Healthy Village Since 1991,,,"9,9",,,,,,,,,,,,,,,,58.0
1094,Uğur,,,,,,,,,,,,,,,,,,,99.0
1095,Parmis,,,"9,7",,,,,,,,,,,,,,,,113.0
1096,Techsun,,,"9,9",,,,,,,,,,,,,,,,36.0
1097,Techsun,,,"9,9",,,,,,,,,,,,,,,,75.0
1098,Techsun,,,"9,9",,,,,,,,,,,,,,,,39.0
1099,Indesit,,,"9,9",,,,,,,,,,,,,,,,114.0
1100,Indesit,,,"9,9",,,,,,,,,,,,,,,,114.0
1101,Parmis,,,"9,7",,,,,,,,,,,,,,,,113.0
1102,Parmis,,,"9,7",,,,,,,,,,,,,,,,113.0
1103,HQ,3.0,1.0,"9,7",,,,,,,,,,,,,,,,59.0
1104,Evco,,,,,,,,,,,,,,,,,,,487.0
1105,Universal,,,"9,2",,,,,,,,,,,,,,,,260.0
1106,Parmis,,,"9,7",,,,,,,,,,,,,,,,64.0
1107,Techsun,,,"9,9",,,,,,,,,,,,,,,,34.0
1108,Parmis,,,"9,7",,,,,,,,,,,,,,,,64.0
1109,Universal,,,"9,2",,,,,,,,,,,,,,,,795.0
1110,Universal,,,"9,2",,,,,,,,,,,,,,,,1350.0
1111,Parmis,,,"9,7",,,,,,,,,,,,,,,,64.0
1112,Parmis,,,"9,7",,,,,,,,,,,,,,,,64.0
1113,Healthy Village Since 1991,,,"9,9",,,,,,,,,,,,,,,,58.0
1114,Universal,,,"9,2",,,,,,,,,,,,,,,,899.0
1115,Universal,,,"9,2",,,,,,,,,,,,,,,,299.0
1116,Techsun,,,"9,9",,,,,,,,,,,,,,,,34.0
1117,Parmis,,,"9,7",,,,,,,,,,,,,,,,113.0
1118,Arçelik,5.0,1.0,10,,,,,,,,,,,,,,,,120.0
1119,Techsun,,,"9,9",,,,,,,,,,,,,,,,125.0
1120,Parmis,,,"9,7",,,,,,,,,,,,,,,,64.0
1121,Parmis,,,"9,7",,,,,,,,,,,,,,,,73.0
1122,Mislina,,,"9,8",,,,,,,,,,,,,,,,95.0
1123,Techsun,,,"9,9",,,,,,,,,,,,,,,,39.0
1124,Techsun,,,"9,9",,,,,,,,,,,,,,,,82.0
1125,Techsun,,,"9,9",,,,,,,,,,,,,,,,99.0
1126,Universal,,,"9,2",,,,,,,,,,,,,,,,145.0
1127,Parmis,,,"9,7",,,,,,,,,,,,,,,,73.0
1128,Universal,,,"9,1",,,,,,,,,,,,,,,,185.0
1129,Parmis,,,"9,7",,,,,,,,,,,,,,,,113.0
1130,Parmis,,,"9,7",,,,,,,,,,,,,,,,113.0
1131,Parmis,,,"9,7",,,,,,,,,,,,,,,,113.0
1132,Universal,,,"9,2",,,,,,,,,,,,,,,,899.0
1133,Universal,,,"9,2",,,,,,,,,,,,,,,,699.0
1134,Universal,,,"9,2",,,,,,,,,,,,,,,,645.0
1135,timbrado,5.0,1.0,"9,8",,,,,,,,,,,,,,,,45.0
1136,Parmis,,,"9,7",,,,,,,,,,,,,,,,64.0
1137,VRL,5.0,1.0,"9,6",,,,,,,,,,,,,,,,140.0
1138,Parmis,,,"9,7",,,,,,,,,,,,,,,,113.0
1139,Parmis,,,"9,7",,,,,,,,,,,,,,,,113.0
1140,VRL,,,"9,8",,,,,,,,,,,,,,,,119.0
1141,Parmis,,,"9,7",,,,,,,,,,,,,,,,113.0
1142,Parmis,,,"9,7",,,,,,,,,,,,,,,,113.0
1143,Parmis,,,"9,7",,,,,,,,,,,,,,,,64.0
1144,Parmis,,,"9,7",,,,,,,,,,,,,,,,73.0
1145,Parmis,,,"9,7",,,,,,,,,,,,,,,,113.0
1146,Parmis,,,"9,7",,,,,,,,,,,,,,,,113.0
1147,Parmis,,,"9,7",,,,,,,,,,,,,,,,113.0
1148,Pratik Zeki,3.0,1.0,10,,,,,,,,,,,,,,,,89.0
1149,Universal,,,"9,2",,,,,,,,,,,,,,,,499.0
1150,Arçelik,5.0,2.0,10,,,,,,,,,,,,,,,,120.0
1151,Universal,,,"9,2",,,,,,,,,,,,,,,,535.0
1152,Parmis,,,"9,7",,,,,,,,,,,,,,,,113.0
1153,Techsun,,,"9,9",,,,,,,,,,,,,,,,31.0
1154,Techsun,,,"9,9",,,,,,,,,,,,,,,,84.0
1155,Parmis,,,"9,7",,,,,,,,,,,,,,,,113.0
1156,Universal,,,"9,2",,,,,,,,,,,,,,,,499.0
1157,Universal,,,"9,2",,,,,,,,,,,,,,,,535.0
1158,Arçelik,5.0,2.0,10,,,,,,,,,,,,,,,,120.0
1159,Parmis,,,"9,7",,,,,,,,,,,,,,,,113.0
1160,Parmis,,,"9,7",,,,,,,,,,,,,,,,113.0
1161,Parmis,,,"9,7",,,,,,,,,,,,,,,,113.0
1162,Indesit,,,"9,9",,,,,,,,,,,,,,,,114.0
1163,Parmis,,,"9,7",,,,,,,,,,,,,,,,113.0
1164,Techsun,,,"9,9",,,,,,,,,,,,,,,,39.0
1165,Universal,,,"9,2",,,,,,,,,,,,,,,,645.0
1166,Universal,,,"9,2",,,,,,,,,,,,,,,,699.0
1167,Universal,,,"9,2",,,,,,,,,,,,,,,,899.0
1168,Parmis,,,"9,7",,,,,,,,,,,,,,,,113.0
1169,Universal,,,"9,1",,,,,,,,,,,,,,,,185.0
1170,Parmis,,,"9,7",,,,,,,,,,,,,,,,73.0
1171,Parmis,,,"9,7",,,,,,,,,,,,,,,,73.0
1172,Pratik Zeki,,,10,,,,,,,,,,,,,,,,77.0
1173,Techsun,,,"9,9",,,,,,,,,,,,,,,,36.0
1174,Techsun,,,"9,9",,,,,,,,,,,,,,,,75.0
1175,Indesit,,,"9,9",,,,,,,,,,,,,,,,114.0
